plant_area,totalTree_pa,genus_name,n,mean(diameter),min(diameter),max(diameter),median(height_range_id),min(height_range_id),max(height_range_id)
10,20467,PRUNUS,5578,14.610640014342058,0,141,2,0,7
10,20467,ACER,5020,14.05987250996016,0,55,3,0,9
10,20467,FRAXINUS,1124,10.554492882562277,0,43,3,0,7
10,20467,QUERCUS,862,17.415058004640372,1.75,50,4,0,9
10,20467,TILIA,772,14.568173575129533,3,42,4,1,8
10,20467,MALUS,703,6.520568990042674,0,21.5,2,1,4
10,20467,ULMUS,615,24.99951219512195,3,48,6,1,10
10,20467,MAGNOLIA,554,9.170758122743683,1,36,2,1,5
10,20467,AESCULUS,476,24.006827731092436,3,64,5,1,8
10,20467,CRATAEGUS,453,6.4263796909492275,0,29,2,0,5
10,20467,FAGUS,452,9.376659292035399,2,54.5,2,0,8
10,20467,CARPINUS,445,11.552247191011237,2,39,2,0,7
10,20467,PLATANUS,361,26.196648199445985,2,52,6,1,9
10,20467,BETULA,343,20.71253644314869,3,44,5,0,7
10,20467,CERCIDIPHYLLUM,323,7.184210526315789,0,24,2,0,5
10,20467,CORNUS,270,8.077962962962962,2,36,2,1,6
10,20467,CATALPA,252,27.35595238095238,3,50.25,5,2,7
10,20467,LIQUIDAMBAR,206,10.135922330097088,0,27.5,3,1,5
10,20467,GLEDITSIA,188,6.9742021276595745,1.75,30,2,0,6
10,20467,LIRIODENDRON,177,23.554237288135592,3,45,5,1,8
10,20467,SORBUS,147,7.704761904761905,2,31.5,2,0,6
10,20467,PYRUS,146,4.200342465753424,2,11,2,0,3
10,20467,PARROTIA,127,3.793307086614173,2.5,20.5,1,1,4
10,20467,STYRAX,103,3.900485436893204,0,9,1,0,3
10,20467,SYRINGA,66,3.265151515151515,2,6,1,0,5
10,20467,METASEQUOIA,65,12.812307692307693,2,40,3,1,5
10,20467,ROBINIA,61,15.677049180327868,3,40,4,1,7
10,20467,NYSSA,56,3.71875,2.5,9,1,1,3
10,20467,ZELKOVA,56,7.151785714285714,3,15,2,1,4
10,20467,THUJA,54,22.203703703703702,2,48,4,1,9
10,20467,PSEUDOTSUGA,52,22.423076923076923,6,43,5,2,9
10,20467,CERCIS,32,3.7578125,2,10,1,1,2
10,20467,CELTIS,29,4.189655172413793,2,16.25,1,1,4
10,20467,PICEA,25,15.46,3,35,4,1,8
10,20467,LABURNUM,24,12.177083333333334,3,19,2.5,1,4
10,20467,ILEX,23,11.347826086956522,3,24,2,1,3
10,20467,STEWARTIA,22,3.2045454545454546,3,4.5,1,1,4
10,20467,PINUS,21,12.80952380952381,3,27,3,1,8
10,20467,AMELANCHIER,18,3,3,3,1,1,2
10,20467,CHAMAECYPARIS,18,19.97222222222222,3,50,4,2,7
10,20467,JUGLANS,17,12.794117647058824,6,22,3,1,5
10,20467,CASTANEA,14,31.982142857142858,10.75,99,5,1,8
10,20467,CEDRUS,11,21.045454545454547,3,49,4,1,9
10,20467,HIBISCUS,11,3.3181818181818183,3,5,1,1,2
10,20467,ABIES,10,15,3,42.5,4,1,6
10,20467,DAVIDIA,10,5.525,3,11,1.5,1,2
10,20467,TSUGA,8,24,11,33.5,6,3,9
10,20467,CORYLUS,7,12.571428571428571,3,24,2,1,3
10,20467,GINKGO,6,4.25,3,8.5,1,1,3
10,20467,GYMNOCLADUS,6,3,2.75,3.25,1,1,1
10,20467,NOTHOFAGUS,6,6.966666666666667,3,10,1,1,3
10,20467,POPULUS,6,19.5,3,26,5,1,6
10,20467,SALIX,5,24.1,18,35,4,4,4
10,20467,KOELREUTERIA,3,7.083333333333333,3,11.25,1,1,2
10,20467,PHELLODENDON,3,21.5,19,24,4,4,4
10,20467,RHUS,3,8.833333333333334,2.5,12,2,2,3
10,20467,ALNUS,2,14,14,14,3,3,3
10,20467,MANGLIETIA,2,3.5,3,4,1.5,1,2
10,20467,OXYDENDRUM,2,3,1.75,4.25,1.5,1,2
10,20467,PTELEA,2,21.75,21,22.5,5,5,5
10,20467,PTEROCARYA,2,10.5,7,14,2.5,2,3
10,20467,ARBUTUS,1,7,7,7,1,1,1
10,20467,CHITALPA,1,4,4,4,2,2,2
10,20467,CLADRASTIS,1,3,3,3,1,1,1
10,20467,CRYPTOMERIA,1,3,3,3,1,1,1
10,20467,EUONYMUS,1,3,3,3,1,1,1
10,20467,LARIX,1,10,10,10,4,4,4
10,20467,OSTRYIA,1,8.75,8.75,8.75,4,4,4
10,20467,PTEROSTYRAX,1,4,4,4,2,2,2
10,20467,RHAMNUS,1,4,4,4,2,2,2
10,20467,SEQUOIADENDRON,1,6,6,6,1,1,1
10,20467,SOPHORA,1,3,3,3,1,1,1
10,20467,TAXUS,1,7,7,7,1,1,1
8,15742,PRUNUS,4517,14.297248173566526,0,55,2,0,9
8,15742,ACER,3432,11.32018648018648,1,66,2,1,9
8,15742,FRAXINUS,1094,10.244195612431444,2,40,2,0,7
8,15742,TILIA,700,15.106857142857143,3,40,4,1,7
8,15742,QUERCUS,593,16.960286677908936,2,54,4,0,10
8,15742,CRATAEGUS,571,5.92399299474606,0,24,2,0,6
8,15742,MALUS,515,5.969805825242719,0,18.5,2,0,4
8,15742,CARPINUS,403,11.107320099255583,1.25,37,2,1,5
8,15742,AESCULUS,372,23.258198924731182,3,54,5,1,8
8,15742,MAGNOLIA,338,6.06508875739645,1.25,25,2,1,5
8,15742,FAGUS,311,8.836816720257234,2,44,2,1,8
8,15742,ULMUS,277,25.081949458483756,3,50,6,0,9
8,15742,STYRAX,257,3.772568093385214,1.3,11.5,1,1,3
8,15742,CERCIDIPHYLLUM,237,7.4379746835443035,0,34,2,0,5
8,15742,LIQUIDAMBAR,195,8.136153846153846,2,29,2,1,6
8,15742,CORNUS,194,5.635824742268041,1,40,1,1,7
8,15742,PLATANUS,192,19.859375,3,55,4,1,9
8,15742,SORBUS,168,6.450892857142857,2,23,2,0,7
8,15742,GLEDITSIA,151,6.2301324503311255,2,23,2,1,6
8,15742,PARROTIA,145,4.334482758620689,2.5,27,1,1,2
8,15742,PYRUS,124,4.71733870967742,2,22,2,1,3
8,15742,BETULA,118,17.98093220338983,3,36.5,4,1,8
8,15742,ROBINIA,78,17.849358974358974,3,59,2.5,1,10
8,15742,ZELKOVA,74,7.058108108108108,0.5,18.5,1,1,4
8,15742,LIRIODENDRON,62,12.411290322580646,3,37,3,1,7
8,15742,NYSSA,56,4.28125,3,11.5,1,1,3
8,15742,THUJA,54,20.305555555555557,3,49,4,1,8
8,15742,SYRINGA,48,3.3645833333333335,2,7,1,1,2
8,15742,CELTIS,33,3.9015151515151514,3,10,1,1,5
8,15742,METASEQUOIA,31,13.524193548387096,2,32,2,1,5
8,15742,GINKGO,29,4.629310344827586,3,21.5,2,1,4
8,15742,HIBISCUS,29,3.0086206896551726,2,4.25,1,1,1
8,15742,CATALPA,28,18.401785714285715,2,44,4,1,8
8,15742,CHAMAECYPARIS,24,16.125,1,40,3.5,1,7
8,15742,CERCIS,23,3.6956521739130435,3,6,2,1,3
8,15742,PSEUDOTSUGA,23,22.152173913043477,3,40,5,1,8
8,15742,KOELREUTERIA,22,7.784090909090909,2,12.5,2,1,3
8,15742,LABURNUM,22,15.159090909090908,3,24.5,2,1,3
8,15742,AMELANCHIER,21,2.7023809523809526,2,3,1,1,3
8,15742,CORYLUS,20,7.7875,3,15.5,1,1,4
8,15742,PICEA,20,10.2375,2,28,3,1,6
8,15742,PINUS,18,17.069444444444443,7.5,30,3,1,6
8,15742,CASTANEA,15,29.733333333333334,9.5,48,5,1,8
8,15742,JUGLANS,11,11.590909090909092,3,23.5,3,1,6
8,15742,DAVIDIA,10,6.45,3,11,2,2,2
8,15742,STEWARTIA,10,3.2,3,5,1,1,1
8,15742,ILEX,9,14,3,20,2,1,4
8,15742,OSTRYIA,7,6.928571428571429,4,9,2,2,2
8,15742,CEDRUS,6,21.75,7,38,4,2,7
8,15742,CLADRASTIS,6,9.458333333333334,5.75,15,2,2,3
8,15742,EUCOMMIA,6,7.083333333333333,3,10,2,1,2
8,15742,GYMNOCLADUS,5,3.6,3,6,1,1,1
8,15742,SALIX,4,8.75,6,12,2.5,0,3
8,15742,TSUGA,4,19.4375,10.75,25.5,3.5,1,5
8,15742,CALOCEDRUS,3,14.416666666666666,3.75,21,3,1,4
8,15742,FICUS,3,6.916666666666667,3,14.75,2,1,2
8,15742,LAURUS,3,7.033333333333333,6.8,7.3,2,1,2
8,15742,ABIES,2,10.5,2,19,3,2,4
8,15742,CLERODENDRON,2,5,5,5,1,1,1
8,15742,JUNIPERUS,2,43,26,60,6,4,8
8,15742,PTEROCARYA,2,28.5,13,44,4,4,4
8,15742,RHAMNUS,2,3,3,3,2,2,2
8,15742,SCIADOPITYS,2,17,17,17,4,4,4
8,15742,ALNUS,1,38.5,38.5,38.5,6,6,6
8,15742,ARAUCARIA,1,4.5,4.5,4.5,2,2,2
8,15742,HALESIA,1,6,6,6,2,2,2
8,15742,KALOPANAX,1,5,5,5,2,2,2
8,15742,MANGLIETIA,1,3,3,3,1,1,1
8,15742,PAULOWNIA,1,17,17,17,4,4,4
8,15742,POPULUS,1,24,24,24,5,5,5
8,15742,RHUS,1,7,7,7,1,1,1
8,15742,SEQUOIADENDRON,1,23,23,23,3,3,3
N,14007,PRUNUS,2814,12.558511016346838,0,99,2,0,7
N,14007,ACER,2812,8.663460170697013,0,156,2,0,9
N,14007,FRAXINUS,913,7.505147864184009,0,37,2,0,6
N,14007,MAGNOLIA,731,6.887004103967168,0,32,2,1,4
N,14007,MALUS,568,6.424911971830986,0,45,2,0,4
N,14007,CRATAEGUS,464,4.496228448275862,1.5,16,1,1,8
N,14007,QUERCUS,416,11.037379807692307,2,41.25,2,1,8
N,14007,FAGUS,414,7.106884057971015,0,47,2,0,8
N,14007,CORNUS,373,9.455227882037534,1.5,42,2,1,5
N,14007,CARPINUS,356,7.3087078651685395,2,38,2,1,5
N,14007,TILIA,343,13.51268221574344,3,28,4,1,6
N,14007,THUJA,296,17.056351351351353,3,59,4,1,8
N,14007,CERCIDIPHYLLUM,240,7.507291666666666,2,131,2,1,4
N,14007,SORBUS,236,7.5275423728813555,2,36,2,1,5
N,14007,PSEUDOTSUGA,211,23.17274881516588,1,46.5,5,0,9
N,14007,LIQUIDAMBAR,187,8.392245989304813,2,25,2,1,5
N,14007,PARROTIA,178,4.078651685393258,1.75,55,1,0,2
N,14007,GLEDITSIA,170,6.047941176470588,1,35,2,1,7
N,14007,PINUS,163,14.879141104294478,1.5,37,3,1,7
N,14007,PYRUS,152,3.9934210526315788,0.25,33,2,1,4
N,14007,STYRAX,148,6.458108108108108,0,435,1,0,3
N,14007,SYRINGA,148,3.416891891891892,0,12,1,0,2
N,14007,PLATANUS,132,13.901515151515152,2,53,4,1,6
N,14007,AESCULUS,129,21.877906976744185,3,49.5,4,1,7
N,14007,BETULA,123,15.304471544715447,2.25,35,4,1,7
N,14007,ULMUS,123,12.101626016260163,2.5,40,2,1,8
N,14007,CHAMAECYPARIS,111,18.16216216216216,3,39,4,1,6
N,14007,ROBINIA,96,15.531770833333333,3,50.5,4,1,7
N,14007,PICEA,85,11.611764705882353,2,33,2,0,6
N,14007,POPULUS,80,19.946875,3,72,5,1,8
N,14007,CEDRUS,74,20.5,1,43,4,1,7
N,14007,LIRIODENDRON,70,11.115714285714287,0,31,2.5,1,6
N,14007,CERCIS,49,3.627551020408163,2.75,8.5,1,1,2
N,14007,STEWARTIA,47,2.9361702127659575,2,3,1,1,2
N,14007,METASEQUOIA,45,12.383333333333333,2,29,2,1,5
N,14007,CATALPA,43,13.063953488372093,4,32,2,1,4
N,14007,ILEX,43,11.326744186046511,3,24,2,1,4
N,14007,NYSSA,33,4.5181818181818185,2,12,1,1,2
N,14007,SALIX,32,23.96875,3,40.5,4,1,6
N,14007,ZELKOVA,31,6.991935483870968,1.75,19,1,1,4
N,14007,TSUGA,29,16.70689655172414,3,34,4,1,6
N,14007,ALNUS,28,19.133928571428573,0,36,4,0,6
N,14007,ABIES,26,16.58653846153846,1,42,4,1,8
N,14007,AMELANCHIER,24,2.7083333333333335,1.5,4,1,1,2
N,14007,DAVIDIA,24,4.479166666666667,2,20,2,1,4
N,14007,JUGLANS,23,19.684782608695652,1.5,41,4,1,7
N,14007,CORYLUS,20,9.9275,1,30,2,1,3
N,14007,GINKGO,16,3.875,3,10,1,1,3
N,14007,LABURNUM,15,10.826666666666666,0.5,26,2,1,5
N,14007,CELTIS,14,4.357142857142857,3,7.5,1,1,1
N,14007,JUNIPERUS,10,16.925,7,29,3.5,2,5
N,14007,SEQUOIADENDRON,10,26.55,3,63,4,1,6
N,14007,RHUS,9,9.666666666666666,3,24,2,1,4
N,14007,CASTANEA,8,20.09375,3,39.75,3,2,7
N,14007,HIBISCUS,8,3,3,3,1,1,1
N,14007,TAXUS,7,10.75,6,16,3,2,3
N,14007,EUCOMMIA,6,5.333333333333333,3,6.5,2,2,2
N,14007,MESPILUS,6,5.166666666666667,4,7,2,1,3
N,14007,OSTRYIA,6,5.583333333333333,3.75,9,2,1,2
N,14007,SOPHORA,6,3.8333333333333335,3,5,1,1,2
N,14007,FICUS,4,7.75,4,12,1,1,2
N,14007,NOTHOFAGUS,4,4.9375,3,8,2,2,2
N,14007,ARBUTUS,3,27.333333333333332,19,33,4,3,6
N,14007,GYMNOCLADUS,3,3,3,3,1,1,1
N,14007,MANGLIETIA,3,2,2,2,1,1,1
N,14007,CRYPTOMERIA,2,7.5,6,9,2.5,2,3
N,14007,MORUS,2,3,3,3,1,1,1
N,14007,PHELLODENDON,2,13,12,14,2,2,2
N,14007,PTEROCARYA,2,3.25,3,3.5,1,1,1
N,14007,TAXODIUM,2,3,3,3,2,2,2
N,14007,ARALIA,1,7.5,7.5,7.5,3,3,3
N,14007,ARAUCARIA,1,4,4,4,2,2,2
N,14007,CALOCEDRUS,1,8,8,8,1,1,1
N,14007,EUONYMUS,1,3,3,3,1,1,1
N,14007,SCIADOPITYS,1,13,13,13,2,2,2
N,14007,SEQUOIA,1,29.5,29.5,29.5,4,4,4
6,13856,PRUNUS,3245,14.246918335901388,0,63,2,0,8
6,13856,ACER,3244,11.602034525277436,0,161,2,0,8
6,13856,FRAXINUS,738,8.925271002710026,0,40.5,2,0,7
6,13856,TILIA,732,14.276174863387979,1,35,4,1,7
6,13856,QUERCUS,622,19.773826366559486,3,54,4,1,9
6,13856,AESCULUS,500,24.3336,0,48,5,0,8
6,13856,CARPINUS,492,10.202439024390245,2,39,2,1,6
6,13856,CRATAEGUS,451,7.432926829268292,0,22,2,0,6
6,13856,FAGUS,404,9.153589108910891,1.75,53,2,1,8
6,13856,MALUS,386,5.828108808290155,1.5,19.5,2,1,4
6,13856,MAGNOLIA,335,7.997014925373135,2,44,2,1,4
6,13856,CERCIDIPHYLLUM,228,5.793201754385965,2,17,2,1,9
6,13856,PYRUS,214,4.59696261682243,1,10,2,1,7
6,13856,LIQUIDAMBAR,204,9.262745098039217,0,25,2,0,5
6,13856,ULMUS,178,24.96067415730337,3,144,5,1,9
6,13856,BETULA,171,16.239941520467838,3,38,4,1,7
6,13856,STYRAX,171,3.705263157894737,0.5,9,1,1,3
6,13856,PLATANUS,159,19.082075471698115,2,40,4,1,7
6,13856,CORNUS,154,6.863636363636363,2,28,1,1,7
6,13856,PARROTIA,152,4.0394736842105265,2,10,1,1,3
6,13856,SYRINGA,143,2.923076923076923,1.75,7,1,1,2
6,13856,SORBUS,142,9.089788732394366,2,24,2,1,6
6,13856,GLEDITSIA,115,9.445652173913043,1,26,2,1,6
6,13856,THUJA,67,13.074626865671641,4,46,2,1,7
6,13856,LIRIODENDRON,66,15.55530303030303,3,40,3,1,8
6,13856,ROBINIA,49,18.633673469387755,3,57,4,1,7
6,13856,NYSSA,45,5.022222222222222,2,14,1,1,3
6,13856,CATALPA,42,26.333333333333332,3,38.5,5,1,7
6,13856,CERCIS,42,3.2142857142857144,1,8,1,1,1
6,13856,ZELKOVA,42,7.386904761904762,2.5,18.5,1,1,4
6,13856,DAVIDIA,25,4,3,7.5,1,1,3
6,13856,GINKGO,25,4.17,0,29,1,1,5
6,13856,HIBISCUS,22,3.3863636363636362,2,9,1,1,1
6,13856,STEWARTIA,22,3.909090909090909,2,10,1,1,3
6,13856,CHAMAECYPARIS,18,24.52777777777778,4,99,5,0,6
6,13856,PICEA,18,8.597222222222221,3,18.75,1,1,5
6,13856,PINUS,18,16.06111111111111,5,29,3,0,5
6,13856,POPULUS,18,10.86111111111111,3,48.5,3,2,8
6,13856,CORYLUS,17,7.794117647058823,3,20,2,1,4
6,13856,PSEUDOTSUGA,16,13.875,8,21.5,2,1,5
6,13856,METASEQUOIA,14,17.839285714285715,4,29.5,3.5,1,5
6,13856,AMELANCHIER,12,3.5833333333333335,0,12,1,0,1
6,13856,ILEX,12,12.625,6,24,2.5,1,3
6,13856,CELTIS,9,3.611111111111111,3,7,1,1,1
6,13856,CLADRASTIS,9,6.555555555555555,3,15,3,1,3
6,13856,JUGLANS,9,15.694444444444445,3,40,3,1,6
6,13856,LABURNUM,9,11.694444444444445,5.75,18,2,1,3
6,13856,ABIES,8,11.375,3,32,2,1,7
6,13856,KOELREUTERIA,7,10.071428571428571,3,18.5,2,1,2
6,13856,SOPHORA,5,22.2,19,26,4,4,4
6,13856,JUNIPERUS,4,23.625,13,32,5,5,6
6,13856,OSTRYIA,4,8.1875,7,9.5,2,2,2
6,13856,CEDRUS,3,20,6,48,2,1,6
6,13856,TRACHYCARPUS,3,5.666666666666667,3,7,1,1,1
6,13856,ALNUS,2,12.5,3,22,3,2,4
6,13856,ARBUTUS,2,8.5,7,10,2.5,2,3
6,13856,CASTANEA,2,22.5,17,28,4,4,4
6,13856,RHUS,2,6.375,4,8.75,1.5,1,2
6,13856,SALIX,2,12.25,5.5,19,5,5,5
6,13856,AILANTHUS,1,20,20,20,4,4,4
6,13856,GYMNOCLADUS,1,3,3,3,1,1,1
6,13856,MANGLIETIA,1,3,3,3,1,1,1
6,13856,RHAMNUS,1,5,5,5,2,2,2
6,13856,TAXUS,1,21,21,21,4,4,4
6,13856,TSUGA,1,16,16,16,2,2,2
7,11864,PRUNUS,3150,15.656777777777778,0,55.5,3,0,9
7,11864,ACER,2507,13.362030315117671,0,317,3,0,8
7,11864,TILIA,999,14.908708708708708,3,40,4,1,7
7,11864,FRAXINUS,699,11.734191702432046,0,97.5,3,0,8
7,11864,QUERCUS,538,20.657063197026023,2,48,4,1,9
7,11864,FAGUS,404,15.473514851485149,2,43,4,1,9
7,11864,MALUS,392,6.047066326530612,0,20,2,0,5
7,11864,CRATAEGUS,389,7.3294344473007715,2.25,34,2,1,5
7,11864,AESCULUS,354,24.520197740112994,1.5,52,5,1,8
7,11864,CARPINUS,302,11.961920529801324,2,39,3,1,5
7,11864,ULMUS,271,25.160885608856088,3,46,6,1,9
7,11864,MAGNOLIA,268,7.616417910447761,0,37,2,1,4
7,11864,PLATANUS,183,23.355464480874318,2.5,48,5,1,8
7,11864,CERCIDIPHYLLUM,136,5.318014705882353,3,15,1,1,4
7,11864,STYRAX,130,3.673076923076923,1,7.5,2,0,4
7,11864,PYRUS,119,4.661764705882353,2,12,2,0,3
7,11864,BETULA,114,15.195614035087718,3,28,4,1,6
7,11864,LIQUIDAMBAR,113,8.450884955752212,2,20,2,1,5
7,11864,CORNUS,92,7.641304347826087,2,30,2,1,4
7,11864,PARROTIA,90,4.097222222222222,0,11,1,0,2
7,11864,GLEDITSIA,71,7.778169014084507,2.5,38,2,1,7
7,11864,SORBUS,63,8.353174603174603,2.25,24,2,1,4
7,11864,CATALPA,52,24.005769230769232,4,44,5,1,7
7,11864,ROBINIA,42,16.20357142857143,4,41,3,1,6
7,11864,LIRIODENDRON,38,10.355263157894736,3,34.5,2,1,7
7,11864,SYRINGA,38,2.8289473684210527,2,5,1,0,2
7,11864,NYSSA,36,5.131944444444445,3,24,1,1,3
7,11864,CERCIS,28,3.2589285714285716,2.25,5,1,1,2
7,11864,CORYLUS,26,9.51923076923077,3,19,3,1,5
7,11864,CHAMAECYPARIS,23,11.217391304347826,3,32,2,1,5
7,11864,PSEUDOTSUGA,23,25.23913043478261,4,40,5,2,8
7,11864,JUGLANS,22,21.261363636363637,6.5,35.5,5,2,7
7,11864,PINUS,20,15.35,3,24,4,1,6
7,11864,GINKGO,12,3.875,3,6.25,1.5,1,2
7,11864,ZELKOVA,12,6.604166666666667,2.25,13,1,1,3
7,11864,ILEX,11,12.909090909090908,3,28,2,0,2
7,11864,POPULUS,9,24.77777777777778,8,35,6,4,7
7,11864,THUJA,9,16.38888888888889,3,31.25,3,1,5
7,11864,METASEQUOIA,8,13.03125,3,26.5,2.5,1,5
7,11864,AMELANCHIER,7,3.142857142857143,3,4,1,1,1
7,11864,STEWARTIA,7,3.5357142857142856,3,4.5,1,1,2
7,11864,DAVIDIA,5,3,3,3,2,1,3
7,11864,EUCOMMIA,5,7.3,5,9.5,2,2,3
7,11864,CASTANEA,4,14.875,3,25.5,1.5,1,2
7,11864,CEDRUS,4,20.5,18,24,4.5,4,5
7,11864,NOTHOFAGUS,4,6.5625,3,11.75,2,2,3
7,11864,SALIX,4,15.5,6,25,2.5,2,4
7,11864,TSUGA,4,21.25,18,28,3,2,4
7,11864,ABIES,3,19.666666666666668,12,23.5,4,3,6
7,11864,CELTIS,3,3,3,3,1,1,2
7,11864,JUNIPERUS,3,24.333333333333332,22,27,5,5,6
7,11864,LABURNUM,3,9.333333333333334,6,14,2,2,4
7,11864,PICEA,3,7.5,3,12.5,2,1,2
7,11864,MORUS,2,12.75,6,19.5,2,1,3
7,11864,TAXODIUM,2,5.25,4,6.5,1.5,1,2
7,11864,ALNUS,1,18.5,18.5,18.5,4,4,4
7,11864,ARALIA,1,4.75,4.75,4.75,1,1,1
7,11864,CHITALPA,1,7.5,7.5,7.5,2,2,2
7,11864,EUONYMUS,1,3,3,3,1,1,1
7,11864,FICUS,1,4,4,4,1,1,1
7,11864,HIBISCUS,1,3,3,3,1,1,1
7,11864,SEQUOIADENDRON,1,45,45,45,4,4,4
7,11864,TRACHYCARPUS,1,3,3,3,0,0,0
12,9198,PRUNUS,2377,13.458220445940261,0.25,50,2,0,6
12,9198,ACER,2363,12.108150655945831,0.5,182,2,1,9
12,9198,ULMUS,507,24.050295857988164,1.25,47,6,1,9
12,9198,MALUS,457,6.791903719912472,2,23,2,1,7
12,9198,FRAXINUS,411,9.229805352798053,0,34,2,0,9
12,9198,QUERCUS,282,14.924113475177306,0,305,3,0,9
12,9198,AESCULUS,278,26.212589928057554,3,46,5,1,8
12,9198,MAGNOLIA,264,7.03219696969697,1,34,2,1,4
12,9198,FAGUS,193,8.430051813471502,2,46,2,1,9
12,9198,BETULA,187,22.18716577540107,3,48,5,1,7
12,9198,CORNUS,181,6.62707182320442,2,30,1,1,6
12,9198,CRATAEGUS,160,7.046875,0,27,2,0,4
12,9198,CERCIDIPHYLLUM,158,6.063291139240507,1.75,28,2,1,4
12,9198,TILIA,130,14.142307692307693,3,34,4,1,7
12,9198,PLATANUS,129,26.12519379844961,2,57,6,1,9
12,9198,CARPINUS,104,7.310576923076923,2.25,36.25,1,0,4
12,9198,LIQUIDAMBAR,104,8.526442307692308,3,20,2,1,5
12,9198,SORBUS,92,7.404891304347826,0.5,29.5,2,0,4
12,9198,STYRAX,86,3.8517441860465116,2,9,1,1,3
12,9198,GLEDITSIA,85,5.155882352941177,2.25,33,2,1,6
12,9198,PARROTIA,81,4.296296296296297,3,13,1,1,3
12,9198,ZELKOVA,51,8.313725490196079,2,18,2,1,4
12,9198,NYSSA,50,5.415,1.75,20.5,2,1,4
12,9198,PYRUS,43,4.443023255813953,2.25,9.5,2,1,4
12,9198,CATALPA,40,27.2375,3,43,4.5,1,7
12,9198,METASEQUOIA,35,6.628571428571429,2,26.5,2,1,4
12,9198,CERCIS,32,3.375,2,6.5,1,1,2
12,9198,LIRIODENDRON,32,13.134375,3,35,2,1,7
12,9198,ROBINIA,31,10.28225806451613,3,30.5,2,1,7
12,9198,STEWARTIA,23,3.347826086956522,2,5,1,1,3
12,9198,SYRINGA,23,2.880434782608696,2,4,1,1,2
12,9198,THUJA,20,26.4375,3,50,4,1,7
12,9198,JUGLANS,19,17.026315789473685,3,37,4,1,7
12,9198,CELTIS,17,3.823529411764706,3,6,1,1,2
12,9198,CHAMAECYPARIS,16,20.4375,5,47,2,1,6
12,9198,PINUS,14,16.910714285714285,3,54.5,3.5,1,7
12,9198,ILEX,12,18.416666666666668,6,31,2.5,1,4
12,9198,LABURNUM,12,13.666666666666666,5,22,2,1,3
12,9198,CORYLUS,11,8.459090909090909,1.8,16,1,1,2
12,9198,PICEA,11,9.363636363636363,3,16,3,1,6
12,9198,GINKGO,9,5.777777777777778,3,20.5,1,1,5
12,9198,PSEUDOTSUGA,8,24.75,7,34,5,1,8
12,9198,TSUGA,8,15.5625,10,27,2,2,8
12,9198,DAVIDIA,7,4.071428571428571,2,10.5,1,1,2
12,9198,HIBISCUS,6,3.3333333333333335,2,6,1,1,1
12,9198,AMELANCHIER,4,8,3,14,1,1,1
12,9198,CASTANEA,4,14.25,3,26,3.5,3,4
12,9198,CEDRUS,4,14.75,3,30,3,2,5
12,9198,TAXODIUM,4,6.625,5,10,2,2,3
12,9198,ABIES,3,24.333333333333332,15,29.5,4,3,5
12,9198,CALOCEDRUS,3,6.75,2.25,9,1,1,1
12,9198,PAULOWNIA,3,13.5,11,17.5,4,3,4
12,9198,POPULUS,3,18.333333333333332,11,32,4,4,6
12,9198,PTEROCARYA,3,13.333333333333334,12,14,3,3,4
12,9198,CLADRASTIS,2,11.25,6.5,16,3,2,4
12,9198,GYMNOCLADUS,1,3,3,3,1,1,1
12,9198,JUNIPERUS,1,14,14,14,2,2,2
12,9198,NOTHOFAGUS,1,5,5,5,2,2,2
12,9198,RHAMNUS,1,24,24,24,3,3,3
12,9198,SALIX,1,26.5,26.5,26.5,4,4,4
12,9198,SEQUOIA,1,3,3,3,1,1,1
4,9100,ACER,2792,7.504065186246418,0.5,48,2,0,8
4,9100,PRUNUS,1284,13.020171339563863,0,44,2,0,5
4,9100,CARPINUS,782,9.0480179028133,1.5,86,2,1,6
4,9100,FAGUS,620,7.142822580645161,0.5,40,2,1,7
4,9100,FRAXINUS,457,8.447592997811816,1.75,33,2,1,6
4,9100,TILIA,432,13.291458333333333,0,36,4,0,7
4,9100,QUERCUS,335,9.540298507462687,3,41,2,1,7
4,9100,CRATAEGUS,305,5.418524590163934,1,17,2,0,4
4,9100,PYRUS,252,4.3712301587301585,1.5,15.5,2,1,4
4,9100,PARROTIA,196,4.178826530612245,3,12,1,1,2
4,9100,SYRINGA,173,3.1445086705202314,2,8,1,1,3
4,9100,MAGNOLIA,149,5.365771812080537,2,25.5,1,1,5
4,9100,SORBUS,149,4.879194630872483,1.5,21.5,2,1,9
4,9100,MALUS,137,5.505474452554744,1.75,20,2,1,3
4,9100,STYRAX,128,3.6953125,1.5,10,1,1,3
4,9100,LIQUIDAMBAR,109,8.424311926605505,3,53,2,1,6
4,9100,CERCIDIPHYLLUM,104,6.293269230769231,3,19.75,2,1,6
4,9100,NYSSA,90,3.763888888888889,3,10,1,1,3
4,9100,GLEDITSIA,77,7.796753246753247,3,21.5,2,1,4
4,9100,CORNUS,74,4.6858108108108105,2.5,17,1,1,3
4,9100,ULMUS,56,22.5625,3,41.5,5,1,9
4,9100,LIRIODENDRON,50,6.706,3,15.3,2,1,4
4,9100,PLATANUS,49,10.556122448979592,3,46,2,1,6
4,9100,BETULA,47,11.03191489361702,4,22,3,1,6
4,9100,CERCIS,32,4.0703125,2.5,6.5,1,1,2
4,9100,STEWARTIA,25,3.62,3,6,1,1,2
4,9100,AESCULUS,18,16.88888888888889,3,33,4,1,5
4,9100,CELTIS,18,2.9444444444444446,2,3,1,1,2
4,9100,DAVIDIA,16,5.34375,4,7.25,2,0,2
4,9100,HIBISCUS,15,2.7333333333333334,2,3,1,1,1
4,9100,CHAMAECYPARIS,13,19.26923076923077,3,35.5,2,1,4
4,9100,METASEQUOIA,12,11.8125,2,27.25,3,2,5
4,9100,ZELKOVA,10,4.9,3,8.25,1,1,1
4,9100,GINKGO,9,3.5833333333333335,3,4,1,1,2
4,9100,MESPILUS,9,3.111111111111111,2,5,2,1,2
4,9100,AMELANCHIER,8,3.03125,2.5,4.25,1,1,1
4,9100,POPULUS,8,11.125,3,27,3,2,7
4,9100,PSEUDOTSUGA,8,21.75,13,31,6,6,7
4,9100,ROBINIA,8,18.625,3,41.5,4,2,7
4,9100,PINUS,5,18.2,6,33,4,1,4
4,9100,VIBURNUM,5,3,3,3,1,1,1
4,9100,PICEA,4,10.0625,3,18.25,2.5,1,4
4,9100,TRACHYCARPUS,4,6.5,6,8,1,1,1
4,9100,CASTANEA,3,12.166666666666666,11,13,2,2,2
4,9100,HIPPOPHAE,3,3,3,3,0,0,0
4,9100,JUGLANS,3,16.166666666666668,11.5,20,3,1,4
4,9100,THUJA,3,31.833333333333332,26,36,6,5,7
4,9100,ABIES,2,13.5,5,22,3,1,5
4,9100,CLADRASTIS,2,4,3,5,1.5,1,2
4,9100,SEQUOIADENDRON,2,25.5,24,27,3,3,3
4,9100,AILANTHUS,1,21.5,21.5,21.5,4,4,4
4,9100,CALOCEDRUS,1,16,16,16,4,4,4
4,9100,CATALPA,1,24,24,24,4,4,4
4,9100,ILEX,1,3,3,3,2,2,2
4,9100,JUNIPERUS,1,14,14,14,3,3,3
4,9100,KOELREUTERIA,1,10,10,10,2,2,2
4,9100,MANGLIETIA,1,2,2,2,1,1,1
4,9100,SALIX,1,13,13,13,4,4,4
B,8899,ACER,1896,10.444319620253165,1,72,2,1,8
B,8899,PRUNUS,826,11.7909200968523,1,42,2,0,9
B,8899,THUJA,555,17.172162162162163,3,99,3,0,10
B,8899,CARPINUS,486,10.804732510288066,2,50,2,0,6
B,8899,QUERCUS,448,14.130915178571428,2,99,4,1,9
B,8899,PSEUDOTSUGA,294,22.01139455782313,3,62,5,1,10
B,8899,PINUS,268,14.704850746268656,5,45,4,1,9
B,8899,CHAMAECYPARIS,243,19.93148148148148,2.5,84,4,1,9
B,8899,TILIA,229,12.966157205240174,1.3,29,4,1,8
B,8899,GLEDITSIA,223,10.743991031390134,1,37,4,1,8
B,8899,BETULA,199,14.45753768844221,4,44.5,4,0,7
B,8899,FRAXINUS,198,10.946969696969697,2,30,3,1,6
B,8899,FAGUS,195,8.60897435897436,2,52.5,1,1,8
B,8899,SORBUS,179,8.315642458100559,1.75,99,2,0,5
B,8899,CORNUS,173,7.281791907514451,2,40,1,1,5
B,8899,MAGNOLIA,171,5.009356725146199,3,28,1,1,4
B,8899,PICEA,161,12.848136645962732,2,30,3,1,9
B,8899,LIRIODENDRON,156,13.179807692307692,3,50.5,3,1,9
B,8899,ULMUS,148,20.148986486486486,3,53,5,1,9
B,8899,MALUS,140,6.506428571428572,2,20,2,1,6
B,8899,PLATANUS,135,17.118518518518517,3,41,4,1,7
B,8899,CRATAEGUS,132,8.18560606060606,2,22,2,1,4
B,8899,AESCULUS,114,23.75657894736842,2,56,4,1,7
B,8899,PYRUS,111,5.195945945945946,2,14,1,1,4
B,8899,CEDRUS,110,26.281363636363636,3,71,5,1,9
B,8899,STYRAX,107,3.946261682242991,3,8,1,1,3
B,8899,ROBINIA,97,21.074742268041238,3,72,5,1,8
B,8899,CERCIDIPHYLLUM,88,6.588068181818182,2,28,1,1,6
B,8899,ABIES,73,16.14041095890411,1,36,4,1,10
B,8899,POPULUS,62,25.245967741935484,2.75,53,5,1,10
B,8899,NYSSA,60,3.2583333333333333,3,11,1,1,3
B,8899,SYRINGA,55,3.522727272727273,0,12,1,1,3
B,8899,CERCIS,54,3.2731481481481484,2.5,5.5,1,1,2
B,8899,TSUGA,53,19.27075471698113,6,42.5,4,1,9
B,8899,ILEX,51,11.183333333333334,3,43,2,1,6
B,8899,JUNIPERUS,46,11.434782608695652,5,18,3,2,3
B,8899,PARROTIA,46,4.021739130434782,3,18,1,1,5
B,8899,CELTIS,39,3.3794871794871795,2.3,5,1,1,1
B,8899,LIQUIDAMBAR,33,8.469696969696969,3,18,2,1,5
B,8899,ALNUS,27,18.77962962962963,8,40,5,2,6
B,8899,METASEQUOIA,19,9.631578947368421,3,21,4,1,4
B,8899,GINKGO,17,3.2941176470588234,3,5,2,1,3
B,8899,JUGLANS,17,19.647058823529413,6,36,4,1,5
B,8899,ZELKOVA,16,6.64375,2,36,1,1,2
B,8899,STEWARTIA,14,3.3214285714285716,3,5.5,1,1,2
B,8899,CORYLUS,12,11.958333333333334,2,36,2,1,4
B,8899,SALIX,12,25.708333333333332,18.5,38,4,3,5
B,8899,HIBISCUS,11,3.5454545454545454,3,5,1,1,1
B,8899,AMELANCHIER,8,3,3,3,1,1,1
B,8899,RHAMNUS,8,9.8125,3,13,1,1,2
B,8899,RHUS,8,7.375,3,18,1.5,1,3
B,8899,TAXUS,8,12.8125,6.5,20,1.5,1,2
B,8899,LABURNUM,7,11.357142857142858,8,13.5,2,1,3
B,8899,SEQUOIADENDRON,7,19.142857142857142,3,43,4,1,8
B,8899,CASTANEA,6,24.333333333333332,16,31,4,3,4
B,8899,NOTHOFAGUS,6,6.5,3,12,1.5,1,4
B,8899,CALOCEDRUS,5,31.4,3,66,4,1,5
B,8899,CATALPA,5,28,14,46,6,4,7
B,8899,ARAUCARIA,4,18.5,6,32,3.5,3,6
B,8899,CRYPTOMERIA,4,14.5,10,22,3.5,2,5
B,8899,DAVIDIA,4,3,3,3,1,1,1
B,8899,ARBUTUS,2,22.5,16,29,4,3,5
B,8899,CLADRASTIS,2,8.5,7.5,9.5,1,1,1
B,8899,CUPRESSOCYPARIS   X,2,37.25,25.5,49,5,4,6
B,8899,MORUS,2,5.5,3,8,2,1,3
B,8899,PAULOWNIA,2,12,11,13,4,4,4
B,8899,SEQUOIA,2,46.5,34,59,5.5,5,6
B,8899,AILANTHUS,1,19,19,19,5,5,5
B,8899,FICUS,1,12,12,12,2,2,2
B,8899,GYMNOCLADUS,1,3,3,3,1,1,1
B,8899,LAURUS,1,6,6,6,3,3,3
B,8899,MANGLIETIA,1,2,2,2,2,2,2
B,8899,PTELEA,1,12,12,12,2,2,2
B,8899,PTEROCARYA,1,3,3,3,1,1,1
B,8899,PTEROSTYRAX,1,10,10,10,1,1,1
C,8320,ACER,3016,7.316826923076923,1,55,2,0,7
C,8320,TILIA,922,10.59081344902386,1,93.5,3,1,7
C,8320,PRUNUS,617,11.916855753646677,2,33.5,2,0,5
C,8320,FAGUS,566,5.771201413427562,2,29,2,0,7
C,8320,CARPINUS,528,7.335606060606061,2,22.5,2,0,6
C,8320,QUERCUS,497,9.550905432595574,3,52,3,1,9
C,8320,PYRUS,392,4.6421683673469385,1.8,11.5,2,1,7
C,8320,PARROTIA,276,4.065942028985507,2.25,10,1,1,3
C,8320,FRAXINUS,230,8.4,3,22,3,1,7
C,8320,GLEDITSIA,210,7.609523809523809,3,29,2,1,5
C,8320,MAGNOLIA,155,4.8509677419354835,2.5,28,2,0,6
C,8320,LIQUIDAMBAR,154,9.448701298701298,3,21,2,1,6
C,8320,LIRIODENDRON,119,10.936974789915967,3,32,3,1,7
C,8320,PLATANUS,115,9.802173913043479,3,39.5,3,1,7
C,8320,CERCIDIPHYLLUM,99,6.497474747474747,3,15.5,1,1,3
C,8320,GINKGO,72,6.184027777777778,2,22,1,1,5
C,8320,NYSSA,45,3.2666666666666666,3,10.5,1,1,3
C,8320,SYRINGA,41,3.351219512195122,3,5.4,1,1,3
C,8320,STYRAX,36,4.166666666666667,3,9,1,1,4
C,8320,CORNUS,32,3.484375,3,8,1,1,2
C,8320,SORBUS,31,4.508064516129032,3,12.5,1,1,4
C,8320,CRATAEGUS,29,5.163793103448276,3,11,2,1,2
C,8320,STEWARTIA,25,3.08,3,5,1,1,2
C,8320,MALUS,16,5.28125,2,8,2,1,2
C,8320,BETULA,14,13.857142857142858,5,23.5,4,2,7
C,8320,AESCULUS,13,18.326923076923077,3,30,5,1,6
C,8320,ROBINIA,10,8.575,5.5,16.5,2,2,5
C,8320,ULMUS,10,16.65,4,32,3.5,3,7
C,8320,PINUS,8,12.15625,7,17,3,2,4
C,8320,THUJA,8,8.375,6,10,2,2,4
C,8320,CRYPTOMERIA,6,5.458333333333333,2,10.25,1,1,1
C,8320,CATALPA,4,34.625,31,38,6,6,6
C,8320,PICEA,4,18.25,12,33,5.5,5,7
C,8320,ZELKOVA,4,7.375,7,8,3,1,3
C,8320,CELTIS,3,4.333333333333333,3,5.5,1,1,1
C,8320,PSEUDOTSUGA,3,31.5,14.5,48,4,4,9
C,8320,EUONYMUS,2,7.5,3,12,2.5,2,3
C,8320,ALNUS,1,9.5,9.5,9.5,4,4,4
C,8320,CERCIS,1,8,8,8,1,1,1
C,8320,CHAMAECYPARIS,1,16,16,16,0,0,0
C,8320,ILEX,1,3,3,3,1,1,1
C,8320,METASEQUOIA,1,41,41,41,6,6,6
C,8320,SEQUOIADENDRON,1,3,3,3,1,1,1
C,8320,TAXUS,1,10,10,10,2,2,2
C,8320,TSUGA,1,42.5,42.5,42.5,6,6,6
3,7919,ACER,2286,6.8719597550306215,2,41.5,2,1,7
3,7919,PRUNUS,1021,12.303036238981392,0,95,2,0,8
3,7919,CARPINUS,763,7.093774574049803,0,35,2,0,5
3,7919,FAGUS,442,5.90158371040724,1.75,23,2,1,6
3,7919,SYRINGA,325,2.963076923076923,0.5,7,1,0,4
3,7919,PYRUS,307,5.099022801302931,0.75,38,1,0,7
3,7919,QUERCUS,292,9.86404109589041,2,49,2,1,7
3,7919,TILIA,280,10.596607142857144,3,23,3,1,9
3,7919,PARROTIA,261,3.7796934865900385,2,18,1,1,4
3,7919,FRAXINUS,245,7.465102040816326,2.5,30,2,1,6
3,7919,SORBUS,220,4.195454545454545,1.75,18,1,1,4
3,7919,CRATAEGUS,195,4.594102564102564,2.5,21,1,1,4
3,7919,STYRAX,161,3.936335403726708,3,17.5,1,0,3
3,7919,MAGNOLIA,134,3.888059701492537,0,11,1,0,3
3,7919,MALUS,131,5.077862595419847,2.5,15,2,0,5
3,7919,CERCIDIPHYLLUM,125,8.158,3,23,2,1,6
3,7919,CORNUS,115,3.8978260869565218,0,16,1,0,3
3,7919,LIQUIDAMBAR,63,10.095238095238095,3,19.5,3,1,5
3,7919,GLEDITSIA,57,5.12280701754386,3,26.5,2,1,6
3,7919,LIRIODENDRON,43,8.023255813953488,3,19,2,1,5
3,7919,NYSSA,36,3.486111111111111,3,7,1,1,2
3,7919,STEWARTIA,36,3.5555555555555554,3,16,1,1,4
3,7919,CERCIS,34,3.5,3,6.5,1,1,3
3,7919,CELTIS,33,3.371212121212121,1.75,6.25,1,1,1
3,7919,BETULA,32,16.4375,5,29.5,4,1,6
3,7919,PLATANUS,28,19.803571428571427,3.5,44,4,3,5
3,7919,AESCULUS,27,18.22222222222222,3,28,4,1,6
3,7919,THUJA,23,21.519565217391303,8,50,4,2,7
3,7919,ULMUS,23,14.108695652173912,3,46.5,1,1,9
3,7919,HIBISCUS,22,3.3863636363636362,1.5,4.5,1,1,2
3,7919,AMELANCHIER,18,3.25,1.5,10,1,1,2
3,7919,ROBINIA,18,17.444444444444443,5,42,4,2,8
3,7919,PICEA,15,7.466666666666667,3,15,1,1,4
3,7919,CEDRUS,14,8.714285714285714,3,36,2,1,5
3,7919,PSEUDOTSUGA,13,16.557692307692307,7,35,3,1,6
3,7919,GINKGO,10,3.625,3,5.75,1,1,2
3,7919,PINUS,10,11.3,3,20,3.5,1,4
3,7919,ABIES,8,8.625,3,19.5,1.5,1,4
3,7919,CHAMAECYPARIS,8,20.53125,12,48,4,2,7
3,7919,ILEX,6,13.458333333333334,3,27,3,1,4
3,7919,DAVIDIA,5,3.2,3,4,1,1,1
3,7919,CORYLUS,4,7.5,6.5,8,2,1,3
3,7919,JUGLANS,4,17.5,8,27,3.5,2,4
3,7919,TSUGA,4,10.75,2,21.5,2,1,5
3,7919,CASTANEA,3,10.333333333333334,5,15,2,1,2
3,7919,ZELKOVA,3,3.25,3,3.5,1,1,1
3,7919,ARAUCARIA,2,12.75,12.5,13,1.5,1,2
3,7919,POPULUS,2,20,3,37,2,1,3
3,7919,SEQUOIADENDRON,2,11,3,19,2,1,3
3,7919,ALBIZIA,1,6,6,6,2,2,2
3,7919,ALNUS,1,3,3,3,1,1,1
3,7919,ARALIA,1,3,3,3,1,1,1
3,7919,ARBUTUS,1,27,27,27,4,4,4
3,7919,CALOCEDRUS,1,6,6,6,2,2,2
3,7919,CLADRASTIS,1,9,9,9,2,2,2
3,7919,METASEQUOIA,1,13.25,13.25,13.25,1,1,1
3,7919,PTEROSTYRAX,1,6,6,6,2,2,2
3,7919,RHUS,1,5,5,5,2,2,2
3,7919,SALIX,1,64,64,64,4,4,4
9,7788,PRUNUS,2471,15.637697288547146,0,78,2,0,7
9,7788,ACER,1776,13.070298423423424,0,45,3,0,8
9,7788,FRAXINUS,560,10.046517857142858,2,34,3,1,6
9,7788,ULMUS,359,24.42033426183844,3,55,6,1,9
9,7788,TILIA,333,15.353603603603604,4,39,4,1,6
9,7788,QUERCUS,287,21.976132404181186,3,52,5,1,9
9,7788,MAGNOLIA,211,7.733412322274882,2,31,2,1,4
9,7788,CRATAEGUS,199,6.833417085427135,1,20,2,1,4
9,7788,MALUS,172,6.71860465116279,2,15.5,2,1,3
9,7788,PLATANUS,152,26.636513157894736,3,46,6,1,8
9,7788,CARPINUS,134,13.315298507462687,2,38,3,1,6
9,7788,CERCIDIPHYLLUM,113,7.415929203539823,3,24.5,1,1,4
9,7788,FAGUS,106,13.43632075471698,2,48,2,1,8
9,7788,LIQUIDAMBAR,94,9.197872340425532,2,32,2,1,7
9,7788,GLEDITSIA,90,8.456666666666667,3,32,2,1,8
9,7788,AESCULUS,83,23.80722891566265,3,52,5,1,7
9,7788,PARROTIA,83,4.180722891566265,2.5,11,1,1,2
9,7788,BETULA,74,19.498648648648647,3,36,5,1,8
9,7788,STYRAX,52,4.625,2.25,10,1.5,1,3
9,7788,CORNUS,47,7.920212765957447,1,27.5,2,1,6
9,7788,PYRUS,47,4.447872340425532,2,12,2,1,3
9,7788,SORBUS,45,6.764444444444444,2,30,2,1,4
9,7788,LIRIODENDRON,43,18.054651162790698,3,57,4,1,7
9,7788,NYSSA,23,3.9695652173913043,3,9.5,2,1,3
9,7788,THUJA,23,23.652173913043477,10,47,4,2,6
9,7788,METASEQUOIA,22,14.86590909090909,3,28,3,1,5
9,7788,PTEROCARYA,19,14.31578947368421,9.5,21,3,1,4
9,7788,SYRINGA,15,3.2333333333333334,3,6,1,1,2
9,7788,CHAMAECYPARIS,13,18.369230769230768,3,51.3,5,1,8
9,7788,PSEUDOTSUGA,13,23.557692307692307,5,39.5,5,1,10
9,7788,ROBINIA,12,15.041666666666666,4,40,3.5,1,8
9,7788,PICEA,11,7,2,16,1,1,3
9,7788,PINUS,10,18.1,11,27,4,2,6
9,7788,CERCIS,9,3,3,3,1,1,1
9,7788,ILEX,9,12.444444444444445,5.5,19,2,1,3
9,7788,ZELKOVA,9,5.722222222222222,3,8.5,1,1,4
9,7788,AMELANCHIER,8,5.25,3,20,2.5,1,4
9,7788,GINKGO,8,3.375,3,5,1,1,2
9,7788,HIBISCUS,7,4.285714285714286,3,9,1,1,3
9,7788,DAVIDIA,6,8.625,6.5,10.25,2,1,2
9,7788,CATALPA,5,26.5,18,38.5,5,4,5
9,7788,JUGLANS,5,17,7,29,3,1,5
9,7788,POPULUS,4,25.0625,21,29,7,6,7
9,7788,RHAMNUS,4,7.375,6.5,8,2,2,2
9,7788,TSUGA,4,18.375,13,26.5,3.5,1,4
9,7788,STEWARTIA,3,3,3,3,1,1,1
9,7788,ABIES,2,2.5,1,4,2,1,3
9,7788,CEDRUS,2,2.5,2,3,1.5,1,2
9,7788,CORYLUS,2,8.75,3.5,14,1.5,1,2
9,7788,LABURNUM,2,7.5,7,8,3,2,4
9,7788,ARALIA,1,12,12,12,2,2,2
9,7788,CELTIS,1,3,3,3,1,1,1
9,7788,JUNIPERUS,1,26,26,26,2,2,2
9,7788,MORUS,1,33,33,33,4,4,4
9,7788,NOTHOFAGUS,1,10,10,10,3,3,3
9,7788,RHUS,1,6,6,6,1,1,1
9,7788,SOPHORA,1,5,5,5,2,2,2
5,6914,ACER,1569,10.117450605481197,1,151,2,1,7
5,6914,PRUNUS,1185,12.22,2,36,2,0,6
5,6914,CARPINUS,596,11.280453020134228,1,39,2,1,7
5,6914,TILIA,497,13.170221327967807,3,99,4,1,9
5,6914,QUERCUS,353,17.18484419263456,3,51,4,1,9
5,6914,FRAXINUS,328,8.904725609756097,1.75,28,3,1,7
5,6914,FAGUS,271,7.190959409594096,1,41,2,1,7
5,6914,CRATAEGUS,227,6.606387665198238,2,17,2,1,5
5,6914,PYRUS,176,4.2414772727272725,1.75,10,1,1,3
5,6914,MAGNOLIA,169,6.477810650887574,0.5,35,2,1,4
5,6914,MALUS,158,4.858860759493671,2,15.5,2,1,4
5,6914,CORNUS,157,8.310828025477708,2,28,2,1,4
5,6914,STYRAX,141,3.852836879432624,1.5,14,1,1,3
5,6914,ULMUS,132,13.670454545454545,3,45,1,1,8
5,6914,LIQUIDAMBAR,131,10.522900763358779,2,23,3,1,5
5,6914,SYRINGA,94,3.234042553191489,1.75,6.25,1,1,3
5,6914,PARROTIA,91,3.7445054945054945,3,9.25,1,1,4
5,6914,SORBUS,91,6.654945054945055,2,22,2,1,4
5,6914,CERCIDIPHYLLUM,65,7.34,3,16.5,2,1,4
5,6914,GLEDITSIA,62,7.300806451612903,2,28,2,1,4
5,6914,BETULA,50,15.37,2,31.5,4,1,6
5,6914,AESCULUS,47,19.338297872340426,3,40,4,1,7
5,6914,NYSSA,34,3.411764705882353,2,8,1,1,3
5,6914,ROBINIA,28,8.544642857142858,3,21,2,2,5
5,6914,CERCIS,25,3.56,3,6.5,1,1,4
5,6914,DAVIDIA,24,5.09375,3,8.5,1.5,1,2
5,6914,LIRIODENDRON,22,7.761363636363637,3,32.5,2,1,7
5,6914,PLATANUS,20,18.3375,3,36,4,2,7
5,6914,PINUS,18,11.708333333333334,4,22.5,2.5,1,5
5,6914,HIBISCUS,17,4.455882352941177,3,7,1,1,2
5,6914,METASEQUOIA,14,17.339285714285715,3,30,3,1,5
5,6914,CATALPA,13,23.26923076923077,6,41,5,1,7
5,6914,AMELANCHIER,11,3.0454545454545454,3,3.5,1,1,3
5,6914,ZELKOVA,10,4.375,3,8,2,1,3
5,6914,STEWARTIA,9,4.138888888888889,3,5.25,2,0,2
5,6914,JUGLANS,8,17.125,10,26.75,3,1,5
5,6914,CLADRASTIS,7,11.928571428571429,7.25,17,2,2,4
5,6914,PICEA,6,4.416666666666667,3,8.5,1,1,2
5,6914,CHAMAECYPARIS,5,20.85,18,23.5,4,3,4
5,6914,GINKGO,5,3.55,3,4.25,2,1,2
5,6914,THUJA,5,16.6,4,36,4,2,6
5,6914,TSUGA,5,15,9,35,2,2,5
5,6914,CELTIS,4,3,3,3,1,1,2
5,6914,MESPILUS,4,3,2,4,1,1,1
5,6914,ABIES,3,12.333333333333334,11,14,4,2,6
5,6914,CEDRUS,3,12,5,18,3,2,6
5,6914,ILEX,3,17.25,14.5,20,3,3,3
5,6914,KOELREUTERIA,3,4.416666666666667,3,7.25,1,1,1
5,6914,PSEUDOTSUGA,3,19,9.5,26.5,4,2,4
5,6914,SALIX,3,8.833333333333334,7,10.5,2,2,2
5,6914,CRYPTOMERIA,2,9.25,6.5,12,2.5,2,3
5,6914,GYMNOCLADUS,2,3,3,3,1,1,1
5,6914,OSTRYIA,2,6.5,6,7,2,2,2
5,6914,POPULUS,2,31.75,17.5,46,4.5,3,6
5,6914,ALNUS,1,25,25,25,5,5,5
5,6914,LABURNUM,1,11.5,11.5,11.5,2,2,2
5,6914,RHUS,1,6,6,6,2,2,2
5,6914,TRACHYCARPUS,1,7,7,7,1,1,1
G,1953,ACER,955,9.058743455497382,3,45,3,1,8
G,1953,PRUNUS,154,9.362012987012987,3,24.75,2,1,4
G,1953,TILIA,152,10.343092105263159,3.5,17.5,4,2,7
G,1953,QUERCUS,125,8.2928,3,24,3,1,5
G,1953,FAGUS,110,9.617727272727272,2,34,3,1,6
G,1953,GLEDITSIA,75,7.464,3,15.5,2,1,5
G,1953,PYRUS,54,4.513888888888889,3,9,1,1,3
G,1953,LIRIODENDRON,53,8.033018867924529,3,27.5,2,1,9
G,1953,CARPINUS,52,5.471153846153846,3,23,2,1,4
G,1953,PARROTIA,38,5.882894736842105,2,11,2,1,3
G,1953,FRAXINUS,27,8.507407407407408,3,14.5,3,1,6
G,1953,LIQUIDAMBAR,27,9.425925925925926,3,22,2,1,5
G,1953,MAGNOLIA,22,3,3,3,1,1,2
G,1953,CRATAEGUS,17,4.779411764705882,3,12,2,1,3
G,1953,DAVIDIA,16,3.90625,2,4.75,2,2,2
G,1953,SYRINGA,16,3.5625,3,9,2,1,2
G,1953,PLATANUS,12,8.208333333333334,3,24,2,2,5
G,1953,CERCIDIPHYLLUM,11,5.886363636363637,4,8,2,1,2
G,1953,CORNUS,9,6.055555555555555,3,12,2,1,7
G,1953,GINKGO,9,8.833333333333334,3.5,15.5,3,1,5
G,1953,MALUS,4,4.3125,3.75,5,1,1,2
G,1953,STYRAX,4,3.5,3,5,2,1,2
G,1953,ROBINIA,3,6.666666666666667,4,12,2,2,4
G,1953,ULMUS,3,13.833333333333334,11,15.5,4,3,4
G,1953,BETULA,1,13,13,13,4,4,4
G,1953,ILEX,1,3.25,3.25,3.25,3,3,3
G,1953,SALIX,1,21.5,21.5,21.5,3,3,3
G,1953,SORBUS,1,3,3,3,2,2,2
G,1953,TAXUS,1,10,10,10,2,2,2
15,1617,ACER,418,13.338038277511961,2,62,3,0,8
15,1617,PRUNUS,236,15.3625,2,39,2,1,6
15,1617,QUERCUS,156,14.982692307692307,3,49.5,4,1,6
15,1617,BETULA,92,20.505434782608695,7,37.5,5,3,7
15,1617,MALUS,78,5.634615384615385,3,13.5,2,1,3
15,1617,FRAXINUS,56,11.410714285714286,3,22,3,1,6
15,1617,METASEQUOIA,51,25.769607843137255,0.5,48,6,1,7
15,1617,CERCIDIPHYLLUM,49,8.341836734693878,3,42.5,2,1,5
15,1617,MAGNOLIA,47,9.627659574468085,2.5,31,2,1,4
15,1617,AESCULUS,46,21.995652173913044,3,39,5,1,7
15,1617,ULMUS,44,25.386363636363637,3,38,6,2,8
15,1617,CRATAEGUS,39,7.897435897435898,2.25,12.25,2,1,3
15,1617,FAGUS,37,8.79054054054054,0,20,2,0,4
15,1617,TILIA,37,17.324324324324323,10.5,21.5,4,3,5
15,1617,CORNUS,29,10.939655172413794,2,44,2,1,4
15,1617,PLATANUS,25,33.78,20,46,8,5,8
15,1617,SORBUS,22,7.556818181818182,1.5,27.25,1,1,4
15,1617,PARROTIA,14,4.946428571428571,3,8,1.5,1,3
15,1617,PINUS,14,17.392857142857142,3,32,4,1,5
15,1617,JUGLANS,13,19.446153846153845,11,31,4,2,5
15,1617,CARPINUS,12,4.291666666666667,2,9,2,1,3
15,1617,LIRIODENDRON,11,16.90909090909091,3.5,31,4,2,8
15,1617,THUJA,9,7.222222222222222,2,17,2,1,2
15,1617,LIQUIDAMBAR,7,5.428571428571429,3,14,2,2,3
15,1617,ALNUS,6,5.166666666666667,3,8,1.5,1,4
15,1617,STYRAX,6,3.3333333333333335,3,5,1,1,2
15,1617,CHAMAECYPARIS,5,23,3,32,4,1,5
15,1617,GLEDITSIA,5,5.9,4,8,1,1,2
15,1617,POPULUS,5,27.2,18,44,4,1,5
15,1617,PYRUS,5,6.4,3,12,2,1,2
15,1617,CATALPA,4,25.75,9,38,4.5,1,5
15,1617,CEDRUS,4,21.625,3,36,3.5,2,4
15,1617,AMELANCHIER,3,3,3,3,1,1,1
15,1617,CELTIS,3,3,3,3,1,1,1
15,1617,CERCIS,3,3,3,3,1,1,1
15,1617,PICEA,3,4,3,6,1,1,2
15,1617,CLADRASTIS,2,6.5,3,10,2,2,2
15,1617,GINKGO,2,3.875,3.75,4,1,1,1
15,1617,NYSSA,2,3,3,3,1,1,1
15,1617,SEQUOIADENDRON,2,5.5,4,7,1.5,1,2
15,1617,ABIES,1,3,3,3,1,1,1
15,1617,CALOCEDRUS,1,3,3,3,1,1,1
15,1617,CASTANEA,1,30,30,30,4,4,4
15,1617,CORYLUS,1,4.25,4.25,4.25,1,1,1
15,1617,CRYPTOMERIA,1,10,10,10,3,3,3
15,1617,DAVIDIA,1,7,7,7,1,1,1
15,1617,GYMNOCLADUS,1,3.25,3.25,3.25,1,1,1
15,1617,HIBISCUS,1,4,4,4,1,1,1
15,1617,ILEX,1,3,3,3,1,1,1
15,1617,KOELREUTERIA,1,3,3,3,1,1,1
15,1617,LABURNUM,1,22,22,22,3,3,3
15,1617,NOTHOFAGUS,1,3,3,3,1,1,1
15,1617,ROBINIA,1,9,9,9,3,3,3
15,1617,SYRINGA,1,2,2,2,2,2,2
15,1617,ZELKOVA,1,3,3,3,1,1,1
NA,1486,ACER,369,7.960840108401084,2,51,1,0,10
NA,1486,PRUNUS,212,10.287971698113207,0,36,2,0,5
NA,1486,PARROTIA,99,3.2146464646464645,3,8,1,1,2
NA,1486,FAGUS,78,5.416666666666667,3,33,1,1,7
NA,1486,CARPINUS,64,6.4765625,1.75,27,1,0,5
NA,1486,SYRINGA,57,3.1403508771929824,3,8,1,1,1
NA,1486,FRAXINUS,53,8.806603773584905,0,22,2,0,5
NA,1486,MALUS,49,5.4438775510204085,2,23,1,0,5
NA,1486,CRATAEGUS,44,7.1477272727272725,2.75,18.5,1,0,3
NA,1486,MAGNOLIA,44,5.029545454545454,2,22,1,0,4
NA,1486,AMELANCHIER,41,3,3,3,1,1,1
NA,1486,CORNUS,41,3.7804878048780486,3,24,1,1,4
NA,1486,QUERCUS,33,17.113636363636363,3,51.5,4,1,9
NA,1486,AESCULUS,32,23.046875,3,49.5,4,0,7
NA,1486,CERCIS,30,3.25,3,6,1,1,1
NA,1486,PYRUS,24,4.833333333333333,3,8,1,1,3
NA,1486,PICEA,19,11.131578947368421,3,37,3,1,6
NA,1486,TILIA,18,14.86111111111111,7,24,4,2,4
NA,1486,CHAMAECYPARIS,14,18.178571428571427,5,36,4,3,5
NA,1486,PINUS,12,18.833333333333332,8,31,4,1,6
NA,1486,STEWARTIA,12,3,3,3,1,1,1
NA,1486,CERCIDIPHYLLUM,11,6.204545454545454,3,13,3,1,3
NA,1486,BETULA,10,16.45,4,24,4,1,6
NA,1486,HIBISCUS,10,4.045,4,4.45,1,1,1
NA,1486,SORBUS,10,7.45,3,21,2,1,4
NA,1486,SEQUOIADENDRON,9,18.11111111111111,6,30,1,1,5
NA,1486,GLEDITSIA,6,4.666666666666667,3,11,1,1,3
NA,1486,NYSSA,6,2.8333333333333335,2,3,1,1,1
NA,1486,PSEUDOTSUGA,6,17.25,3,30,4,4,8
NA,1486,THUJA,6,27.625,5,67,4.5,0,9
NA,1486,CEDRUS,5,26.6,7,44,5,2,6
NA,1486,CORYLUS,5,11.8,4,20,2,1,2
NA,1486,JUGLANS,5,14.4,5,26,3,2,6
NA,1486,ROBINIA,5,15.5,4,36,5,2,7
NA,1486,STYRAX,5,3,3,3,1,1,2
NA,1486,CASTANEA,4,8.375,4,13,2.5,1,3
NA,1486,LIQUIDAMBAR,4,17.5,9,31,3.5,2,4
NA,1486,LIRIODENDRON,4,4.25,3,5,2,1,2
NA,1486,POPULUS,4,22,14,38,5,4,8
NA,1486,ULMUS,3,32.666666666666664,25,47,5,4,7
NA,1486,ABIES,2,6,3,9,2,1,3
NA,1486,DAVIDIA,2,5,5,5,2,2,2
NA,1486,GINKGO,2,3,3,3,1,1,1
NA,1486,PLATANUS,2,21.25,3,39.5,4.5,1,8
NA,1486,SALIX,2,30.5,23,38,4.5,3,6
NA,1486,SOPHORA,2,5,5,5,2,2,2
NA,1486,TSUGA,2,24.75,20.5,29,5.5,5,6
NA,1486,ZELKOVA,2,5,3,7,1.5,1,2
NA,1486,AILANTHUS,1,3,3,3,1,1,1
NA,1486,ARBUTUS,1,6,6,6,1,1,1
NA,1486,CATALPA,1,32,32,32,5,5,5
NA,1486,CRYPTOMERIA,1,15.5,15.5,15.5,2,2,2
NA,1486,ILEX,1,7.5,7.5,7.5,2,2,2
NA,1486,MANGLIETIA,1,5,5,5,2,2,2
NA,1486,METASEQUOIA,1,19.75,19.75,19.75,3,3,3
11,1235,ACER,390,9.206025641025642,1,44,2,1,9
11,1235,PRUNUS,239,13.810041841004184,2,47,2,0,5
11,1235,FRAXINUS,81,5.515432098765432,2,19,2,1,5
11,1235,MALUS,70,4.496428571428571,2.25,12,2,1,3
11,1235,CERCIDIPHYLLUM,42,8.214285714285714,1,17,2,1,4
11,1235,MAGNOLIA,39,4.044871794871795,2,16,2,1,2
11,1235,CORNUS,32,5.765625,3,32,2,1,5
11,1235,AESCULUS,30,20.875,3,44,4,1,6
11,1235,TILIA,27,12.222222222222221,5,16.5,4,2,5
11,1235,BETULA,26,20.53846153846154,7,29,4.5,2,7
11,1235,FAGUS,25,6.76,3,20,2,1,4
11,1235,PARROTIA,24,3.9791666666666665,3,6,1.5,1,2
11,1235,CRATAEGUS,20,7.025,2.5,12,1.5,1,3
11,1235,CARPINUS,18,6.638888888888889,3,13.5,1.5,1,3
11,1235,QUERCUS,17,7.238235294117647,3,21.5,3,1,4
11,1235,ULMUS,15,16.886666666666667,3,32,4,1,7
11,1235,HIBISCUS,14,3.0714285714285716,3,4,1,1,1
11,1235,SORBUS,13,7.9423076923076925,3,22,2,1,4
11,1235,GLEDITSIA,11,6,4,9,2,1,3
11,1235,PLATANUS,11,11.613636363636363,3.5,17.5,3,2,5
11,1235,PYRUS,10,3.35,1.75,5,1,1,2
11,1235,LIRIODENDRON,9,15.305555555555555,3,29.5,6,2,7
11,1235,CATALPA,8,28.375,23,37,5,4,7
11,1235,LIQUIDAMBAR,6,5.083333333333333,3.5,8,1.5,1,3
11,1235,STYRAX,6,4.541666666666667,3,7.75,1.5,1,2
11,1235,ZELKOVA,6,7.166666666666667,3,12,1.5,1,3
11,1235,CELTIS,5,4.1,3,6,1,1,1
11,1235,CHAMAECYPARIS,4,22.75,15,30,4,2,4
11,1235,METASEQUOIA,4,7.125,3,10.5,1,1,1
11,1235,NYSSA,4,5,2,8,2,1,3
11,1235,STEWARTIA,4,3,3,3,1,1,1
11,1235,SYRINGA,4,3,3,3,1,1,2
11,1235,NOTHOFAGUS,3,7.5,6.5,8,3,3,3
11,1235,PINUS,3,6.666666666666667,6,8,2,2,2
11,1235,THUJA,3,22.666666666666668,7,34,6,3,6
11,1235,PICEA,2,8.75,8,9.5,1.5,1,2
11,1235,PSEUDOTSUGA,2,22.5,11,34,5,4,6
11,1235,AMELANCHIER,1,3,3,3,1,1,1
11,1235,CERCIS,1,5,5,5,2,2,2
11,1235,DAVIDIA,1,3,3,3,1,1,1
11,1235,JUGLANS,1,16,16,16,1,1,1
11,1235,LABURNUM,1,8.5,8.5,8.5,2,2,2
11,1235,MANGLIETIA,1,2,2,2,2,2,2
11,1235,RHUS,1,3,3,3,2,2,2
11,1235,SEQUOIADENDRON,1,36,36,36,5,5,5
20,803,ACER,235,10.127659574468085,2,35,2,1,7
20,803,PRUNUS,115,8.38695652173913,2,36,1,1,7
20,803,MAGNOLIA,96,10.096354166666666,2,32.25,2,1,4
20,803,CORNUS,46,10.396739130434783,3,28,2,1,4
20,803,TILIA,41,8.353658536585366,3,13,2,1,3
20,803,CRATAEGUS,40,3.73125,2,16,1,1,3
20,803,MALUS,27,6.12962962962963,2,14.5,2,1,3
20,803,FAGUS,22,3.6363636363636362,1,7,1.5,1,2
20,803,LIQUIDAMBAR,15,6.3,3,11,2,1,4
20,803,QUERCUS,15,5.5,3,14,1,1,4
20,803,METASEQUOIA,13,6.576923076923077,3,15,2,1,3
20,803,LIRIODENDRON,11,4,2,12,1,1,5
20,803,SEQUOIADENDRON,11,5,3,14,1,1,4
20,803,CHAMAECYPARIS,10,13.7,7,26,3,2,4
20,803,PICEA,9,5.722222222222222,3,16,2,1,4
20,803,CEDRUS,8,13,3,30,2,2,4
20,803,FRAXINUS,8,5.3125,3,10,2,1,3
20,803,PINUS,8,10.1875,3,14.5,2.5,1,4
20,803,NYSSA,7,4.642857142857143,3,9.5,2,1,2
20,803,CATALPA,6,21.833333333333332,3,34,4,1,6
20,803,SYRINGA,6,4.5,3,8,1,1,3
20,803,DAVIDIA,5,7.6,3,11.5,1,1,3
20,803,AESCULUS,4,3,3,3,1,1,1
20,803,CERCIDIPHYLLUM,4,3.5,2,7,2,1,2
20,803,SORBUS,4,3.5,3,4,2,2,2
20,803,CALOCEDRUS,3,5.333333333333333,3,9,1,1,2
20,803,CARPINUS,3,4.833333333333333,4,6,1,1,2
20,803,LABURNUM,3,6.916666666666667,6,7.75,1,1,2
20,803,PARROTIA,3,3.3333333333333335,3,4,1,1,1
20,803,THUJA,3,17.666666666666668,11,22,5,3,5
20,803,ABIES,2,3.75,3.5,4,1,1,1
20,803,JUGLANS,2,26.5,23,30,3.5,3,4
20,803,PLATANUS,2,8.875,5.75,12,3,2,4
20,803,PYRUS,2,3,3,3,1.5,1,2
20,803,ROBINIA,2,3,3,3,1,1,1
20,803,STYRAX,2,3.625,3,4.25,1,1,1
20,803,ZELKOVA,2,6.75,3.5,10,2,1,3
20,803,AMELANCHIER,1,3,3,3,3,3,3
20,803,GLEDITSIA,1,3,3,3,2,2,2
20,803,HIBISCUS,1,5,5,5,2,2,2
20,803,ILEX,1,26,26,26,3,3,3
20,803,PSEUDOTSUGA,1,32,32,32,5,5,5
20,803,RHUS,1,8,8,8,1,1,1
20,803,STEWARTIA,1,3,3,3,1,1,1
20,803,ULMUS,1,46,46,46,5,5,5
2,729,ACER,168,8.34702380952381,3,24,2.5,1,6
2,729,CARPINUS,110,7.615909090909091,2.5,26.5,1,1,5
2,729,QUERCUS,77,6.383116883116883,3,20,1,1,5
2,729,FAGUS,57,3.1096491228070176,3,5,1,1,2
2,729,PRUNUS,48,14.385416666666666,3,37,2,1,3
2,729,PARROTIA,30,3.033333333333333,2,5,1,1,9
2,729,MAGNOLIA,29,3.2586206896551726,2,5.5,1,1,2
2,729,SYRINGA,26,3.0384615384615383,2,5,1,1,2
2,729,FRAXINUS,24,11.052083333333334,2.75,18,2,1,4
2,729,ULMUS,23,27.032608695652176,14,45,5,2,9
2,729,STYRAX,22,5.3977272727272725,2.5,9,1,1,2
2,729,TILIA,19,11.263157894736842,4,24.5,2,2,5
2,729,SORBUS,10,5.3,3,14,2,1,2
2,729,ROBINIA,9,19.22222222222222,8,28,5,2,6
2,729,CRATAEGUS,8,4.34375,3,8,2,1,3
2,729,LIQUIDAMBAR,8,10.5,3,19,3,1,6
2,729,MALUS,8,5.65625,3,11.5,2,1,2
2,729,CORNUS,7,3.142857142857143,3,4,1,1,2
2,729,AMELANCHIER,6,3,3,3,1,1,1
2,729,BETULA,6,13.166666666666666,3,17,4.5,1,5
2,729,HIBISCUS,5,3,3,3,1,1,1
2,729,LIRIODENDRON,5,4.3,3,5.5,2,1,2
2,729,THUJA,5,15.4,6,30,3,3,6
2,729,CERCIDIPHYLLUM,3,18.5,16.5,21,5,4,5
2,729,CHAMAECYPARIS,3,15.666666666666666,12,20,4,4,4
2,729,JUNIPERUS,2,29.5,29,30,8,7,9
2,729,MICHELIA,2,3,3,3,1,1,1
2,729,PSEUDOTSUGA,2,23,18,28,6,6,6
2,729,DAVIDIA,1,4.75,4.75,4.75,2,2,2
2,729,GINKGO,1,3,3,3,1,1,1
2,729,LABURNUM,1,3,3,3,1,1,1
2,729,PICEA,1,22,22,22,6,6,6
2,729,PINUS,1,10,10,10,2,2,2
2,729,PYRUS,1,6,6,6,1,1,1
2,729,STEWARTIA,1,4,4,4,1,1,1
30,698,PRUNUS,143,10.221678321678322,3,31,2,1,3
30,698,CHAMAECYPARIS,51,12.367647058823529,3,99,3,1,5
30,698,ACER,49,7.918367346938775,3,21,2,1,5
30,698,CORNUS,42,23.28690476190476,3,99,2,0,5
30,698,MAGNOLIA,28,3.9285714285714284,2,14,2,1,3
30,698,SEQUOIADENDRON,27,10.944444444444445,3,39,2,1,6
30,698,CRATAEGUS,26,3.6923076923076925,3,8,2,1,2
30,698,CERCIS,24,3,3,3,1,1,1
30,698,FRAXINUS,24,2.875,2,3,1,1,2
30,698,PICEA,24,6.916666666666667,3,22,2,1,4
30,698,PINUS,24,11.96875,3,34,1,1,4
30,698,THUJA,24,9.095833333333333,3,20,2,1,6
30,698,QUERCUS,20,18,3,38,3,1,6
30,698,FAGUS,18,3.4444444444444446,2,12,1.5,1,2
30,698,MALUS,18,4.555555555555555,2,14,1,1,4
30,698,ABIES,17,3.176470588235294,3,6,2,1,2
30,698,SORBUS,16,6.0625,3,12,1.5,1,3
30,698,CEDRUS,13,5.9423076923076925,2,19.5,2,1,4
30,698,CARPINUS,11,3,3,3,1,1,2
30,698,STEWARTIA,11,3.1818181818181817,3,4,2,2,2
30,698,AMELANCHIER,9,4,3,5,1,1,3
30,698,ULMUS,9,16.27777777777778,8.5,31.5,4,2,6
30,698,CATALPA,8,3.03125,3,3.25,1.5,1,2
30,698,METASEQUOIA,8,5.375,3,11,2,1,3
30,698,NYSSA,6,3.1666666666666665,2,5,1,1,2
30,698,GYMNOCLADUS,5,3,3,3,1,1,1
30,698,HIBISCUS,5,3,3,3,1,1,2
30,698,LIQUIDAMBAR,5,3.2,2.75,4.25,2,2,3
30,698,LIRIODENDRON,5,3,3,3,3,1,3
30,698,PARROTIA,4,4.5,3,8.5,1.5,1,2
30,698,ZELKOVA,4,3.875,3,6.5,2,2,2
30,698,AESCULUS,2,24.25,3,45.5,3,1,5
30,698,GLEDITSIA,2,4.5,3,6,2,2,2
30,698,PYRUS,2,3,3,3,1,1,1
30,698,SOPHORA,2,3,3,3,1,1,1
30,698,STYRAX,2,3,3,3,1.5,1,2
30,698,TILIA,2,14,7,21,3.5,2,5
30,698,BETULA,1,6,6,6,2,2,2
30,698,EUONYMUS,1,3,3,3,1,1,1
30,698,GINKGO,1,3,3,3,1,1,1
30,698,LABURNUM,1,3,3,3,1,1,1
30,698,MANGLIETIA,1,2,2,2,2,2,2
30,698,PTEROCARYA,1,2,2,2,2,2,2
30,698,SYRINGA,1,3,3,3,2,2,2
30,698,TAXODIUM,1,3,3,3,1,1,1
40,659,ACER,113,7.0553097345132745,0,24,1,0,5
40,659,PRUNUS,109,5.462385321100918,3,24,1,1,3
40,659,PINUS,69,19.23913043478261,3,45,3,1,5
40,659,CORNUS,46,15.706521739130435,2,99,2,1,5
40,659,ULMUS,43,3.0232558139534884,3,3.5,1,1,1
40,659,QUERCUS,41,8.829268292682928,3,26,1,1,4
40,659,CATALPA,28,10.217857142857143,3,32,2,1,5
40,659,CHAMAECYPARIS,26,20.653846153846153,4,29,5,1,6
40,659,SEQUOIADENDRON,25,21.84,3,50,3,1,7
40,659,PICEA,18,14.277777777777779,3,38,3,1,6
40,659,AMELANCHIER,12,2.9166666666666665,2,3,1,1,1
40,659,FRAXINUS,12,13.033333333333333,6,21,2,1,4
40,659,METASEQUOIA,12,3,3,3,1,1,2
40,659,CELTIS,11,3,3,3,1,1,1
40,659,FAGUS,11,10.227272727272727,3,27.5,3,1,4
40,659,GYMNOCLADUS,10,3,3,3,1,1,1
40,659,STYRAX,10,3,3,3,1,1,2
40,659,THUJA,8,13,3,30,2,1,2
40,659,SORBUS,7,12.714285714285714,9,19.5,2,2,4
40,659,STEWARTIA,7,3.4285714285714284,3,5,2,1,2
40,659,SYRINGA,7,3.4285714285714284,3,6,1,1,2
40,659,CARPINUS,4,4.375,3,7.5,1,1,6
40,659,MAGNOLIA,4,3.125,3,3.5,2,1,2
40,659,CHITALPA,3,3,3,3,1,1,1
40,659,PARROTIA,3,3,3,3,2,2,2
40,659,TILIA,3,8.833333333333334,6,14.5,2,2,4
40,659,ABIES,2,3,3,3,1.5,1,2
40,659,CEDRUS,2,22.5,12,33,4,4,4
40,659,EUONYMUS,2,3,3,3,1,1,1
40,659,LIRIODENDRON,2,7.5,3,12,2.5,1,4
40,659,MALUS,2,6.25,5.5,7,2,2,2
40,659,PLATANUS,2,3,3,3,1,1,1
40,659,BETULA,1,17,17,17,4,4,4
40,659,CRATAEGUS,1,6,6,6,1,1,1
40,659,DAVIDIA,1,2,2,2,2,2,2
40,659,LARIX,1,12,12,12,3,3,3
40,659,PSEUDOTSUGA,1,27.25,27.25,27.25,5,5,5
L,466,THUJA,112,19.25,4.5,47,5,1,7
L,466,ACER,58,19.92241379310345,7,45,4,2,7
L,466,PSEUDOTSUGA,51,20.179411764705883,8,50,5,3,9
L,466,CHAMAECYPARIS,30,11.666666666666666,3,27,3.5,1,6
L,466,CARPINUS,21,11.214285714285714,3,20,4,1,5
L,466,CEDRUS,21,13.416666666666666,6,31,3,2,6
L,466,TSUGA,20,17.025,6,34,5,2,6
L,466,ROBINIA,18,28.88888888888889,17,50,6,4,7
L,466,PRUNUS,16,11.71875,5,24,2.5,1,4
L,466,BETULA,13,13.942307692307692,5,21,3,2,5
L,466,PINUS,12,16.291666666666668,8,31,4,1,6
L,466,TAXUS,11,12.818181818181818,12,15,2,2,2
L,466,FRAXINUS,10,15.75,9.5,24,3,2,5
L,466,POPULUS,8,32.5625,19,61.5,5.5,2,9
L,466,SORBUS,7,19.428571428571427,8,28,3,2,4
L,466,ABIES,6,25.5,23,31,4.5,3,5
L,466,PICEA,6,22.5,18,30,5,5,5
L,466,AESCULUS,5,25.1,18,30.5,5,4,7
L,466,QUERCUS,5,34.2,22,48,6,5,6
L,466,MALUS,4,4.8125,4.5,5,1,1,2
L,466,PARROTIA,4,3,3,3,1,1,1
L,466,CORNUS,3,5,5,5,2,2,2
L,466,CRATAEGUS,3,7.666666666666667,3,12,2,1,3
L,466,ILEX,3,12.666666666666666,8,17,2,2,3
L,466,JUGLANS,3,24.333333333333332,23,25,4,4,4
L,466,ULMUS,3,25,17,32,6,4,8
L,466,CORYLUS,2,24,18,30,3,3,3
L,466,FAGUS,2,6.5,5,8,2.5,2,3
L,466,ALNUS,1,16,16,16,4,4,4
L,466,CASTANEA,1,14,14,14,5,5,5
L,466,GLEDITSIA,1,12.5,12.5,12.5,4,4,4
L,466,JUNIPERUS,1,29,29,29,5,5,5
L,466,LABURNUM,1,10,10,10,2,2,2
L,466,LAURUS,1,11.5,11.5,11.5,1,1,1
L,466,LIRIODENDRON,1,15,15,15,4,4,4
L,466,METASEQUOIA,1,50,50,50,3,3,3
L,466,TRACHYCARPUS,1,3,3,3,1,1,1
14,422,ACER,124,7.183467741935484,2,31,2,1,6
18,422,CORNUS,94,11.404255319148936,2,27.5,2,1,4
14,422,PRUNUS,88,11.201704545454545,2.25,37,1.5,1,4
18,422,ACER,67,11.73134328358209,3,34,3,1,6
18,422,MALUS,42,7.571428571428571,2,16,2,1,3
14,422,TILIA,37,14.44054054054054,10.5,18.5,4,3,6
18,422,PRUNUS,34,15.25,2,39,2.5,1,5
18,422,AESCULUS,29,23.836206896551722,2,45,5,1,5
18,422,THUJA,29,19.79310344827586,3,43,4,1,8
14,422,LIQUIDAMBAR,21,3.9761904761904763,3,11,2,1,2
14,422,MALUS,18,4.777777777777778,3,7.5,2,2,2
18,422,MAGNOLIA,18,13.86111111111111,5,21.75,3,1,3
14,422,MAGNOLIA,16,6.25,3,15,2,1,4
14,422,CORNUS,14,3.267857142857143,3,6,1,1,2
14,422,METASEQUOIA,14,7.714285714285714,4,22.5,2,2,4
18,422,CRATAEGUS,13,3.5,3,6,3,1,3
14,422,CRATAEGUS,11,7.045454545454546,2,20,2,1,3
18,422,BETULA,10,20.7,16,32.5,5,4,6
18,422,QUERCUS,10,8.5,4,17.5,2.5,1,4
14,422,AMELANCHIER,9,3.111111111111111,3,4,1,1,1
14,422,FRAXINUS,9,5.222222222222222,3,7.5,2,1,3
14,422,QUERCUS,9,7.972222222222222,3,13.5,1,1,3
14,422,CERCIDIPHYLLUM,8,5.75,3,8,1,1,3
18,422,ABIES,8,3.625,3,8,2,2,2
18,422,CATALPA,7,28,16,34,5,4,5
14,422,AESCULUS,6,12.166666666666666,3,50,1.5,1,7
18,422,CHAMAECYPARIS,6,21.333333333333332,18,25,4.5,4,5
18,422,METASEQUOIA,6,7,3,14.5,1.5,1,3
14,422,PARROTIA,5,3.8,3,5,2,1,2
14,422,PICEA,5,3,3,3,1,1,1
18,422,CARPINUS,5,3.2,3,4,1,1,2
18,422,FRAXINUS,4,2.9375,2.25,3.5,1,1,2
18,422,PYRUS,4,3,3,3,3,3,3
14,422,HIBISCUS,3,3,3,3,1,1,1
14,422,LIRIODENDRON,3,13.5,12.5,14,3,3,4
14,422,NYSSA,3,9.666666666666666,9,10,1,1,1
18,422,GLEDITSIA,3,2.8333333333333335,2.5,3,1,1,1
18,422,TAXUS,3,5.5,3,9.25,2,2,2
18,422,TILIA,3,9,6.25,11,3,3,3
14,422,FAGUS,2,3.5,3,4,1,1,1
14,422,GLEDITSIA,2,3.75,3,4.5,1,1,1
14,422,PINUS,2,7.5,7,8,3,3,3
14,422,STYRAX,2,5,5,5,2,2,2
14,422,SYRINGA,2,3.75,3,4.5,1,1,1
14,422,ULMUS,2,31.5,29,34,7.5,7,8
18,422,ALNUS,2,17.5,14,21,5,5,5
18,422,CALOCEDRUS,2,8,6,10,1.5,1,2
18,422,CEDRUS,2,25.25,24,26.5,4.5,4,5
18,422,ILEX,2,8,8,8,1,1,1
18,422,NYSSA,2,3,3,3,1,1,1
18,422,PICEA,2,18,9,27,4,2,6
18,422,STYRAX,2,3,3,3,1,1,1
14,422,BETULA,1,6,6,6,2,2,2
14,422,CARPINUS,1,3,3,3,1,1,1
14,422,CEDRUS,1,8,8,8,1,1,1
14,422,FICUS,1,4,4,4,2,2,2
14,422,KOELREUTERIA,1,3,3,3,1,1,1
14,422,ROBINIA,1,8,8,8,4,4,4
14,422,SORBUS,1,3,3,3,2,2,2
18,422,CERCIDIPHYLLUM,1,3,3,3,2,2,2
18,422,CERCIS,1,3,3,3,1,1,1
18,422,FAGUS,1,3,3,3,1,1,1
18,422,HIBISCUS,1,3,3,3,2,2,2
18,422,LABURNUM,1,4,4,4,1,1,1
18,422,LIQUIDAMBAR,1,10,10,10,2,2,2
18,422,PLATANUS,1,3,3,3,2,2,2
18,422,POPULUS,1,26,26,26,5,5,5
18,422,PTEROCARYA,1,3,3,3,2,2,2
18,422,ROBINIA,1,3,3,3,2,2,2
18,422,SORBUS,1,3,3,3,1,1,1
18,422,SYRINGA,1,10,10,10,1,1,1
18,422,ULMUS,1,25.5,25.5,25.5,5,5,5
25,330,PRUNUS,50,8.085,3,30.5,1,1,3
25,330,ACER,45,6.694444444444445,3,26,1,1,6
25,330,CHAMAECYPARIS,32,13,3,26.5,3,1,5
25,330,CORNUS,18,8.777777777777779,3,40,2,1,4
25,330,MAGNOLIA,17,8.102941176470589,2,26,2,1,3
25,330,MALUS,15,4.833333333333333,3,7,1,1,2
25,330,CRATAEGUS,14,3.5714285714285716,3,5,1,1,2
25,330,PINUS,13,17.53846153846154,3,43,4,1,4
25,330,CEDRUS,12,6.5625,2,28,2,1,6
25,330,METASEQUOIA,9,4.444444444444445,3,15,1,1,2
25,330,SEQUOIADENDRON,9,16.22222222222222,3,58,3,1,7
25,330,FAGUS,8,4.125,2,11,1.5,1,2
25,330,THUJA,8,6.6875,3,12,2,2,2
25,330,ABIES,7,3.392857142857143,3,4.75,1,1,1
25,330,TILIA,7,8.285714285714286,4,10.5,3,2,3
25,330,PLATANUS,6,6.208333333333333,5.5,7.25,3,3,3
25,330,CALOCEDRUS,5,5.2,3,12,1,1,3
25,330,PICEA,5,2.65,2,3,1,1,2
25,330,SORBUS,5,3,3,3,1,1,2
25,330,STEWARTIA,5,3.3,3,4.5,2,1,2
25,330,CATALPA,4,3,3,3,1,1,1
25,330,CERCIS,3,3,3,3,1,1,1
25,330,GLEDITSIA,3,3,3,3,1,1,2
25,330,LIQUIDAMBAR,3,3,3,3,2,2,2
25,330,NYSSA,3,5.333333333333333,3,8,1,1,2
25,330,STYRAX,3,3,3,3,1,1,1
25,330,CERCIDIPHYLLUM,2,3,3,3,1,1,1
25,330,DAVIDIA,2,5.5,3,8,1,1,1
25,330,MANGLIETIA,2,7.25,3,11.5,1,1,1
25,330,PARROTIA,2,4.5,4,5,1.5,1,2
25,330,PAULOWNIA,2,5,5,5,3,3,3
25,330,ULMUS,2,23.5,18,29,4,4,4
25,330,AESCULUS,1,3,3,3,1,1,1
25,330,AMELANCHIER,1,3,3,3,1,1,1
25,330,BETULA,1,19,19,19,5,5,5
25,330,CARPINUS,1,3,3,3,1,1,1
25,330,CASTANEA,1,3,3,3,2,2,2
25,330,GINKGO,1,3,3,3,1,1,1
25,330,GYMNOCLADUS,1,3,3,3,1,1,1
25,330,LIRIODENDRON,1,2,2,2,1,1,1
25,330,PSEUDOTSUGA,1,15.5,15.5,15.5,4,4,4
13,290,ACER,76,5.615131578947368,3,16.5,2,1,4
13,290,FRAXINUS,38,14.43421052631579,3,26,4,1,5
13,290,MALUS,21,3.7976190476190474,3,8,2,1,3
13,290,PRUNUS,19,8.473684210526315,3,17,2,1,3
13,290,STYRAX,18,4.972222222222222,3,7,2,1,2
13,290,QUERCUS,13,7,3,12.5,2,1,4
13,290,FAGUS,11,9.318181818181818,3,20,3,1,3
13,290,LIQUIDAMBAR,11,8.227272727272727,2,16,2,1,4
13,290,ZELKOVA,10,3.455,2.5,5,1,1,3
13,290,TILIA,9,10.944444444444445,7,20.5,4,2,4
13,290,CRATAEGUS,8,5.0625,3,8,1,1,3
13,290,MAGNOLIA,8,3.875,2,7,2,1,2
13,290,LIRIODENDRON,7,7.571428571428571,3.5,14.5,2,2,3
13,290,CERCIDIPHYLLUM,6,5.708333333333333,3,12.25,1.5,1,3
13,290,CORNUS,5,3.05,3,3.25,1,1,2
13,290,PYRUS,5,3.8,3,4.5,1,1,1
13,290,PARROTIA,4,3,3,3,1,1,1
13,290,PLATANUS,3,14.666666666666666,14,15,4,4,4
13,290,SORBUS,3,3,3,3,1,1,1
13,290,LARIX,2,3,3,3,1,1,1
13,290,PINUS,2,8,7.5,8.5,2,2,2
13,290,SYRINGA,2,3,3,3,1,1,1
13,290,BETULA,1,26,26,26,6,6,6
13,290,CALOCEDRUS,1,9,9,9,1,1,1
13,290,CELTIS,1,3,3,3,1,1,1
13,290,CHAMAECYPARIS,1,43,43,43,5,5,5
13,290,GINKGO,1,3,3,3,1,1,1
13,290,GLEDITSIA,1,6.5,6.5,6.5,3,3,3
13,290,NYSSA,1,6,6,6,3,3,3
13,290,SEQUOIA,1,6,6,6,2,2,2
13,290,THUJA,1,30,30,30,6,6,6
16,215,ACER,54,9.671296296296296,3,30,2,1,7
16,215,MALUS,25,6.91,2.5,11,2,1,2
16,215,QUERCUS,25,7.28,3,17,1,1,4
16,215,PRUNUS,16,11.671875,2.5,33,2,1,5
16,215,FRAXINUS,11,13.659090909090908,2.5,81,2,1,3
16,215,CERCIS,10,3,3,3,1,1,1
16,215,CORNUS,10,5.85,3,12,1,1,2
16,215,MAGNOLIA,6,3.1666666666666665,3,4,1,1,2
16,215,PLATANUS,6,7.583333333333333,3,12,1.5,1,4
16,215,LIRIODENDRON,5,20.5,16,24,4,4,4
16,215,TAXUS,5,16.8,12,24,2,2,2
16,215,LIQUIDAMBAR,4,3,3,3,2,2,2
16,215,STYRAX,4,3,3,3,1,1,1
16,215,BETULA,3,17.5,12,21.5,4,2,5
16,215,CEDRUS,3,12,12,12,2,2,2
16,215,CRATAEGUS,3,3,3,3,1,1,1
16,215,PARROTIA,3,2.8333333333333335,2.5,3,1,1,2
16,215,THUJA,3,10,10,10,2,2,2
16,215,CATALPA,2,17.5,3,32,3.5,2,5
16,215,NYSSA,2,3,3,3,1,1,1
16,215,SYRINGA,2,7.625,3.25,12,2,2,2
16,215,ZELKOVA,2,8.5,8,9,2.5,2,3
16,215,ABIES,1,3,3,3,1,1,1
16,215,AESCULUS,1,3,3,3,1,1,1
16,215,CARPINUS,1,3,3,3,1,1,1
16,215,CERCIDIPHYLLUM,1,5,5,5,2,2,2
16,215,CHAMAECYPARIS,1,14,14,14,4,4,4
16,215,GLEDITSIA,1,3,3,3,2,2,2
16,215,METASEQUOIA,1,18,18,18,4,4,4
16,215,PICEA,1,3,3,3,1,1,1
16,215,PYRUS,1,3,3,3,1,1,1
16,215,SEQUOIA,1,11,11,11,1,1,1
16,215,SEQUOIADENDRON,1,12,12,12,2,2,2
c,186,CARPINUS,77,3.0681818181818183,3,4.75,1,1,1
c,186,ACER,47,5.8138297872340425,3,11,2,1,4
c,186,TILIA,22,11.404545454545454,9,16.5,3,2,4
c,186,PYRUS,15,5.666666666666667,2.75,9,2,1,3
c,186,QUERCUS,7,5.857142857142857,3,7.5,3,1,4
c,186,GINKGO,6,4.583333333333333,3,6,1,1,1
c,186,LIQUIDAMBAR,5,5.5,3.5,9,2,1,2
c,186,DAVIDIA,3,5.583333333333333,4.75,6.5,1,1,1
c,186,PARROTIA,2,3,3,3,1,1,1
c,186,FAGUS,1,3,3,3,1,1,1
c,186,FRAXINUS,1,5,5,5,2,2,2
P,178,ACER,36,4.277777777777778,3,32,1,1,7
P,178,PRUNUS,21,3,3,3,1,1,1
P,178,CORNUS,18,3,3,3,1,1,1
P,178,SYRINGA,17,3,3,3,1,1,1
P,178,CARPINUS,11,3,3,3,1,1,1
P,178,FAGUS,10,3,3,3,1,1,1
P,178,MAGNOLIA,9,3,3,3,1,1,1
P,178,QUERCUS,6,3,3,3,1,1,1
P,178,FRAXINUS,5,4,3,8,1,1,2
P,178,STEWARTIA,5,3,3,3,1,1,1
P,178,CERCIS,4,3,3,3,1,1,1
P,178,PICEA,4,3,3,3,1,1,1
P,178,CERCIDIPHYLLUM,3,3,3,3,1,1,1
P,178,CRATAEGUS,3,3,3,3,1,1,1
P,178,DAVIDIA,3,3,3,3,1,1,1
P,178,MALUS,3,3,3,3,1,1,1
P,178,ULMUS,3,3,3,3,1,1,1
P,178,AMELANCHIER,2,3,3,3,1,1,1
P,178,JUGLANS,2,3,3,3,1,1,1
P,178,MORUS,2,3,3,3,1,1,1
P,178,NYSSA,2,3,3,3,1,1,1
P,178,AESCULUS,1,3,3,3,1,1,1
P,178,EUONYMUS,1,3,3,3,1,1,1
P,178,LABURNUM,1,5,5,5,2,2,2
P,178,PARROTIA,1,3,3,3,1,1,1
P,178,PINUS,1,3,3,3,1,1,1
P,178,SALIX,1,39,39,39,5,5,5
P,178,SORBUS,1,3,3,3,1,1,1
P,178,STYRAX,1,3,3,3,1,1,1
P,178,ZELKOVA,1,3,3,3,1,1,1
50,158,CORNUS,22,26.59090909090909,3,99,4,1,6
50,158,QUERCUS,22,6.568181818181818,0.5,27,2,1,4
50,158,CHAMAECYPARIS,12,22,3,70,5,1,6
50,158,SEQUOIADENDRON,11,26.454545454545453,3,75,2,1,8
50,158,MAGNOLIA,9,3,3,3,2,1,2
50,158,PINUS,9,21.194444444444443,10,33,4,2,4
50,158,ACER,8,5.875,3,13,2,1,4
50,158,PICEA,8,5.1875,3,14,1,1,3
50,158,PRUNUS,5,8.66,3,28.3,2,1,2
50,158,STYRAX,5,3,3,3,1,1,2
50,158,CEDRUS,4,3.75,3,5,2,1,2
50,158,STEWARTIA,4,3.25,3,4,2,1,2
50,158,CATALPA,3,3,3,3,1,1,1
50,158,FAGUS,3,3,3,3,1,1,1
50,158,MALUS,3,3.6666666666666665,3,4,1,1,1
50,158,METASEQUOIA,3,3,3,3,2,1,2
50,158,SORBUS,3,3.5,3,4.5,2,2,2
50,158,THUJA,3,14,3,36,2,2,4
50,158,ARAUCARIA,2,3,3,3,1,1,1
50,158,EUCALYPTUS,2,1.5,1,2,1,1,1
50,158,GLEDITSIA,2,3,3,3,1,1,1
50,158,TILIA,2,3,3,3,2,2,2
50,158,ULMUS,2,18,12,24,3,3,3
50,158,ABIES,1,18,18,18,3,3,3
50,158,AESCULUS,1,3,3,3,2,2,2
50,158,AMELANCHIER,1,3,3,3,1,1,1
50,158,CALOCEDRUS,1,3,3,3,6,6,6
50,158,CARPINUS,1,3.75,3.75,3.75,2,2,2
50,158,CRATAEGUS,1,2,2,2,1,1,1
50,158,LARIX,1,18,18,18,4,4,4
50,158,MANGLIETIA,1,3,3,3,1,1,1
50,158,PARROTIA,1,3,3,3,1,1,1
50,158,PAULOWNIA,1,9,9,9,3,3,3
50,158,TRACHYCARPUS,1,4,4,4,1,1,1
b,149,ACER,37,9.094594594594595,3,37,1,1,5
b,149,PRUNUS,16,5.875,3,13,1,1,3
b,149,PYRUS,15,4.983333333333333,3.8,8,3,2,3
b,149,CARPINUS,13,6,3.25,9,2,1,2
b,149,MAGNOLIA,10,3.5,3,6,1,1,1
b,149,STYRAX,9,3,3,3,1,1,1
b,149,TILIA,9,8.055555555555555,5.5,11,3,3,3
b,149,MALUS,7,9.1,8,10,2,1,6
b,149,CORNUS,6,3,3,3,1,1,1
b,149,ULMUS,6,3.9166666666666665,3.25,4.5,1,1,1
b,149,QUERCUS,4,3,3,3,1,1,1
b,149,BETULA,3,8.666666666666666,8,10,3,3,3
b,149,CRATAEGUS,3,18,16,20,3,3,3
b,149,GLEDITSIA,3,9,4,12,4,1,4
b,149,ALNUS,1,25,25,25,6,6,6
b,149,CATALPA,1,7,7,7,2,2,2
b,149,CERCIDIPHYLLUM,1,11.5,11.5,11.5,3,3,3
b,149,GINKGO,1,4,4,4,1,1,1
b,149,LIQUIDAMBAR,1,8,8,8,2,2,2
b,149,METASEQUOIA,1,12,12,12,3,3,3
b,149,PARROTIA,1,16,16,16,3,3,3
b,149,ZELKOVA,1,4,4,4,1,1,1
17,102,ACER,17,11.014705882352942,3,86,2,1,4
17,102,FAGUS,14,13.607142857142858,2,20,2,1,4
17,102,PRUNUS,14,15.178571428571429,3,23,2,1,3
17,102,CEDRUS,13,17.5,4,33,3,2,4
17,102,CHAMAECYPARIS,11,13.772727272727273,1,35,3,2,7
17,102,TILIA,8,8.81875,4,11.75,3,2,4
17,102,TAXUS,7,15.214285714285714,13,18,2,2,2
17,102,SYRINGA,6,2.375,2,3,1.5,1,2
17,102,CARPINUS,2,3,2,4,1,1,1
17,102,CORNUS,2,3.25,3,3.5,1.5,1,2
17,102,CRATAEGUS,2,6,3,9,2,2,2
17,102,STYRAX,2,3,3,3,2,2,2
17,102,BETULA,1,15,15,15,5,5,5
17,102,CERCIDIPHYLLUM,1,8.5,8.5,8.5,2,2,2
17,102,MAGNOLIA,1,20,20,20,2,2,2
17,102,PINUS,1,12,12,12,2,2,2
34,81,CRATAEGUS,17,3.3823529411764706,3,6,2,2,2
34,81,ACER,14,3.482142857142857,3,5.5,2,1,2
34,81,CHAMAECYPARIS,7,6.892857142857143,3,12.25,2,2,2
34,81,FAGUS,7,5.5,3,10.5,2,2,3
34,81,METASEQUOIA,6,4.375,3,5.25,2,2,2
34,81,SEQUOIADENDRON,5,9.35,4.75,26,3,2,4
34,81,MAGNOLIA,4,3,3,3,2,2,4
34,81,MALUS,4,2.875,2.5,3,2,2,2
34,81,PRUNUS,4,10,9,11.5,1,1,1
34,81,CARPINUS,3,4.083333333333333,3,5,2,2,2
34,81,LIRIODENDRON,3,3.5,3,4,2,2,2
34,81,QUERCUS,3,14.833333333333334,10.5,21,3,2,6
34,81,PICEA,1,3,3,3,2,2,2
34,81,PLATANUS,1,3,3,3,1,1,1
34,81,STEWARTIA,1,3,3,3,2,2,2
34,81,TILIA,1,4.25,4.25,4.25,2,2,2
n,64,ACER,19,3.9210526315789473,3,7,1,1,2
n,64,PRUNUS,10,4.325,3,8,1,1,2
n,64,CRATAEGUS,8,3,3,3,1,1,1
n,64,MAGNOLIA,8,3,3,3,1,1,1
n,64,CELTIS,7,3,3,3,1,1,1
n,64,PYRUS,5,3.2,2,4,1,1,1
n,64,CLADRASTIS,3,9,7,11,2,2,2
n,64,HIBISCUS,2,3,3,3,1,1,1
n,64,CARPINUS,1,3,3,3,1,1,1
n,64,SORBUS,1,3,3,3,1,1,1
35,54,PRUNUS,21,3.2023809523809526,3,4,1,1,1
35,54,FAGUS,8,3.25,3,5,1,1,1
35,54,CORNUS,7,3.0714285714285716,3,3.25,1,1,1
35,54,CEDRUS,4,3.25,3,4,1,1,1
35,54,ABIES,2,3,3,3,1,1,1
35,54,CATALPA,2,4,3,5,1,1,1
35,54,PICEA,2,3.25,3,3.5,1,1,1
35,54,PINUS,2,3,3,3,1,1,1
35,54,TAXODIUM,2,3.5,3,4,1,1,1
35,54,ACER,1,3,3,3,1,1,1
35,54,CALOCEDRUS,1,3,3,3,1,1,1
35,54,CHAMAECYPARIS,1,3,3,3,1,1,1
35,54,MAGNOLIA,1,3,3,3,1,1,1
24,43,PRUNUS,7,8.478571428571428,3,22,1,1,2
24,43,LARIX,6,19,12,24,5,4,5
24,43,CATALPA,4,4.5,4.5,4.5,1,1,1
24,43,SEQUOIADENDRON,4,12.25,7,20,2,1,3
24,43,FRAXINUS,3,6.166666666666667,4,8.5,2,2,2
24,43,LIQUIDAMBAR,3,8,7,10,3,3,4
24,43,STEWARTIA,3,3,3,3,1,1,1
24,43,QUERCUS,2,22,21,23,5,5,5
24,43,SORBUS,2,5,5,5,1.5,1,2
24,43,CALOCEDRUS,1,3,3,3,1,1,1
24,43,CELTIS,1,3,3,3,1,1,1
24,43,CHAMAECYPARIS,1,9,9,9,2,2,2
24,43,CORNUS,1,4,4,4,1,1,1
24,43,LIRIODENDRON,1,3,3,3,1,1,1
24,43,NYSSA,1,3,3,3,2,2,2
24,43,PLATANUS,1,3,3,3,1,1,1
24,43,PSEUDOTSUGA,1,3,3,3,1,1,1
24,43,TILIA,1,9,9,9,2,2,2
M,41,ACER,9,5.888888888888889,3,10,2,1,3
M,41,PRUNUS,8,3.875,3,5.5,1,1,2
M,41,FAGUS,5,4.6,3,6,1,1,1
M,41,CEDRUS,3,4.333333333333333,3,6,1,1,1
M,41,EUONYMUS,3,3.3333333333333335,3,3.5,1,1,1
M,41,MANGLIETIA,3,3.3333333333333335,3,4,1,1,1
M,41,BETULA,1,3,3,3,2,2,2
M,41,CARPINUS,1,4,4,4,1,1,1
M,41,CERCIDIPHYLLUM,1,3,3,3,1,1,1
M,41,LARIX,1,3,3,3,1,1,1
M,41,MAGNOLIA,1,3,3,3,1,1,1
M,41,METASEQUOIA,1,3,3,3,1,1,1
M,41,PARROTIA,1,3,3,3,1,1,1
M,41,PICEA,1,5,5,5,2,2,2
M,41,SEQUOIADENDRON,1,3,3,3,1,1,1
M,41,TAXUS,1,6,6,6,2,2,2
1,33,ACER,8,9.75,3,20,2.5,1,4
1,33,FRAXINUS,6,3.2083333333333335,3,4.25,1,1,2
1,33,TILIA,6,10,7,14,3,3,4
1,33,PRUNUS,4,21,11,34.5,2.5,2,6
1,33,PARROTIA,3,4,4,4,1,1,1
1,33,CERCIDIPHYLLUM,2,17.75,14,21.5,5,2,8
1,33,CORNUS,1,3,3,3,3,3,3
1,33,CRATAEGUS,1,10,10,10,3,3,3
1,33,PINUS,1,15,15,15,2,2,2
1,33,STYRAX,1,4,4,4,1,1,1
g,26,ACER,26,6.836538461538462,3,10.5,3,1,4
19,23,ACER,5,13.6,6,23,3,3,4
19,23,CARPINUS,3,18,16,19,4,4,4
19,23,CEDRUS,3,23.666666666666668,22,26,5,5,5
19,23,QUERCUS,3,7.666666666666667,3.5,10,2,1,2
19,23,MAGNOLIA,2,4.75,3,6.5,1.5,1,2
19,23,PYRUS,2,4.25,4,4.5,2,2,2
19,23,ROBINIA,2,9.75,9,10.5,2,2,2
19,23,ILEX,1,13.5,13.5,13.5,4,4,4
19,23,PRUNUS,1,14,14,14,3,3,3
19,23,PSEUDOTSUGA,1,24,24,24,3,3,3
22,15,DAVIDIA,6,5.5,3,7,2,2,2
22,15,CRATAEGUS,3,5.166666666666667,4.25,6,1,1,1
22,15,PRUNUS,3,8.166666666666666,3,14.5,2,1,3
22,15,SORBUS,3,3.1666666666666665,3,3.5,2,2,2
27,13,FRAXINUS,11,2.7954545454545454,2.25,3,1,1,1
27,13,PRUNUS,2,3,3,3,1,1,1
75,11,PICEA,5,9,3,18,2,2,4
21,11,CRATAEGUS,3,3,3,3,2,2,2
21,11,PRUNUS,3,11,3,20,3,1,3
75,11,ULMUS,2,21.5,13,30,3,2,4
21,11,CERCIS,1,3,3,3,1,1,1
21,11,FRAXINUS,1,15,15,15,4,4,4
21,11,GYMNOCLADUS,1,3,3,3,1,1,1
21,11,MAGNOLIA,1,3,3,3,2,2,2
21,11,QUERCUS,1,9,9,9,2,2,2
75,11,ACER,1,34,34,34,4,4,4
75,11,CEDRUS,1,36,36,36,5,5,5
75,11,MANGLIETIA,1,2.25,2.25,2.25,1,1,1
75,11,SEQUOIADENDRON,1,7,7,7,2,2,2
45,9,CEDRUS,3,3,3,3,2,1,2
45,9,ABIES,1,3,3,3,1,1,1
45,9,AESCULUS,1,3,3,3,1,1,1
45,9,CRATAEGUS,1,3,3,3,2,2,2
45,9,EUONYMUS,1,3,3,3,2,2,2
45,9,PICEA,1,3,3,3,2,2,2
45,9,SEQUOIADENDRON,1,3,3,3,2,2,2
60,7,CHAMAECYPARIS,3,18,18,18,5,5,5
60,7,CEDRUS,1,2.25,2.25,2.25,1,1,1
60,7,PICEA,1,6,6,6,2,2,2
60,7,SEQUOIA,1,2.25,2.25,2.25,1,1,1
60,7,SEQUOIADENDRON,1,7,7,7,2,2,2
y,3,PYRUS,3,3.25,3.25,3.25,1,1,1
0,3,LIQUIDAMBAR,2,9.5,3,16,3,3,3
0,3,CHAMAECYPARIS,1,13,13,13,3,3,3
26,1,AMELANCHIER,1,3,3,3,1,1,1
32,1,CHAMAECYPARIS,1,20,20,20,5,5,5
